Log file open, 10/18/25 15:55:28
LogWindows: Failed to load 'aqProf.dll' (GetLastError=126)
LogWindows: File 'aqProf.dll' does not exist
LogWindows: Failed to load 'VtuneApi.dll' (GetLastError=126)
LogWindows: File 'VtuneApi.dll' does not exist
LogWindows: Failed to load 'VtuneApi32e.dll' (GetLastError=126)
LogWindows: File 'VtuneApi32e.dll' does not exist
LogConsoleResponse: Display: Failed to find resolution value strings in scalability ini. Falling back to default.
LogConsoleResponse: Display: Failed to find resolution value strings in scalability ini. Falling back to default.
LogInit: Display: Running engine for game: RoboticVacuumCleaner
LogPlatformFile: Not using cached read wrapper
LogTaskGraph: Started task graph with 5 named threads and 35 total threads with 3 sets of task threads.
LogStats: Stats thread started at 0.191242
LogICUInternationalization: ICU TimeZone Detection - Raw Offset: +8:00, Platform Override: ''
LogInit: Display: Loading text-based GConfig....
LogPluginManager: Mounting plugin MeshPainting
LogPluginManager: Mounting plugin XGEController
LogPluginManager: Mounting plugin Paper2D
LogPluginManager: Mounting plugin LiveLink
LogPluginManager: Mounting plugin AISupport
LogPluginManager: Mounting plugin LightPropagationVolume
LogPluginManager: Mounting plugin EnvironmentQueryEditor
LogPluginManager: Mounting plugin OodleData
LogPluginManager: Mounting plugin OodleNetwork
LogPluginManager: Mounting plugin CameraShakePreviewer
LogPluginManager: Mounting plugin GameplayCameras
LogPluginManager: Mounting plugin AnimationSharing
LogPluginManager: Mounting plugin CLionSourceCodeAccess
LogPluginManager: Mounting plugin CodeLiteSourceCodeAccess
LogPluginManager: Mounting plugin KDevelopSourceCodeAccess
LogPluginManager: Mounting plugin GitSourceControl
LogPluginManager: Mounting plugin NullSourceCodeAccess
LogPluginManager: Mounting plugin PerforceSourceControl
LogPluginManager: Mounting plugin PixWinPlugin
LogPluginManager: Mounting plugin PlasticSourceControl
LogPluginManager: Mounting plugin PropertyAccessNode
LogPluginManager: Mounting plugin PluginUtils
LogPluginManager: Mounting plugin RiderSourceCodeAccess
LogPluginManager: Mounting plugin SubversionSourceControl
LogPluginManager: Mounting plugin TextureFormatOodle
LogPluginManager: Mounting plugin UObjectPlugin
LogPluginManager: Mounting plugin VisualStudioCodeSourceCodeAccess
LogPluginManager: Mounting plugin XCodeSourceCodeAccess
LogPluginManager: Mounting plugin VisualStudioSourceCodeAccess
LogPluginManager: Mounting plugin DatasmithContent
LogPluginManager: Mounting plugin VariantManagerContent
LogPluginManager: Mounting plugin AlembicImporter
LogPluginManager: Mounting plugin BackChannel
LogPluginManager: Mounting plugin AutomationUtils
LogPluginManager: Mounting plugin ChaosClothEditor
LogPluginManager: Mounting plugin ChaosEditor
LogPluginManager: Mounting plugin ChaosCloth
LogPluginManager: Mounting plugin ChaosSolverPlugin
LogPluginManager: Mounting plugin ChaosNiagara
LogPluginManager: Mounting plugin CharacterAI
LogPluginManager: Mounting plugin GeometryCache
LogPluginManager: Mounting plugin GeometryCollectionPlugin
LogPluginManager: Mounting plugin GeometryProcessing
LogPluginManager: Mounting plugin MotoSynth
LogPluginManager: Mounting plugin OpenImageDenoise
LogPluginManager: Mounting plugin PlanarCut
LogPluginManager: Mounting plugin PlatformCrypto
LogPluginManager: Mounting plugin ProxyLODPlugin
LogPluginManager: Mounting plugin PythonScriptPlugin
LogPluginManager: Mounting plugin SkeletalReduction
LogPluginManager: Mounting plugin AssetManagerEditor
LogPluginManager: Mounting plugin CryptoKeys
LogPluginManager: Mounting plugin CurveEditorTools
LogPluginManager: Mounting plugin DataValidation
LogPluginManager: Mounting plugin FacialAnimation
LogPluginManager: Mounting plugin GameplayTagsEditor
LogPluginManager: Mounting plugin GeometryMode
LogPluginManager: Mounting plugin MacGraphicsSwitching
LogPluginManager: Mounting plugin MaterialAnalyzer
LogPluginManager: Mounting plugin MobileLauncherProfileWizard
LogPluginManager: Mounting plugin PluginBrowser
LogPluginManager: Mounting plugin SpeedTreeImporter
LogPluginManager: Mounting plugin AndroidMedia
LogPluginManager: Mounting plugin AvfMedia
LogPluginManager: Mounting plugin ImgMedia
LogPluginManager: Mounting plugin MediaCompositing
LogPluginManager: Mounting plugin MediaPlayerEditor
LogPluginManager: Mounting plugin WebMMedia
LogPluginManager: Mounting plugin WmfMedia
LogPluginManager: Mounting plugin TcpMessaging
LogPluginManager: Mounting plugin UdpMessaging
LogPluginManager: Mounting plugin OnlineSubsystem
LogPluginManager: Mounting plugin OnlineSubsystemNull
LogPluginManager: Mounting plugin OnlineSubsystemUtils
LogPluginManager: Mounting plugin LuminPlatformFeatures
LogPluginManager: Mounting plugin MagicLeap
LogPluginManager: Mounting plugin LauncherChunkInstaller
LogPluginManager: Mounting plugin MagicLeapLightEstimation
LogPluginManager: Mounting plugin MagicLeapMedia
LogPluginManager: Mounting plugin MagicLeapPassableWorld
LogPluginManager: Mounting plugin MLSDK
LogPluginManager: Mounting plugin ActorLayerUtilities
LogPluginManager: Mounting plugin AndroidDeviceProfileSelector
LogPluginManager: Mounting plugin AndroidMoviePlayer
LogPluginManager: Mounting plugin AndroidPermission
LogPluginManager: Mounting plugin AppleImageUtils
LogPluginManager: Mounting plugin AppleMoviePlayer
LogPluginManager: Mounting plugin ArchVisCharacter
LogPluginManager: Mounting plugin AssetTags
LogPluginManager: Mounting plugin AudioCapture
LogPluginManager: Mounting plugin AudioSynesthesia
LogPluginManager: Mounting plugin CableComponent
LogPluginManager: Mounting plugin ChunkDownloader
LogPluginManager: Mounting plugin CustomMeshComponent
LogPluginManager: Mounting plugin EditableMesh
LogPluginManager: Mounting plugin ExampleDeviceProfileSelector
LogPluginManager: Mounting plugin GoogleCloudMessaging
LogPluginManager: Mounting plugin GooglePAD
LogPluginManager: Mounting plugin IOSDeviceProfileSelector
LogPluginManager: Mounting plugin LinuxDeviceProfileSelector
LogPluginManager: Mounting plugin LocationServicesBPLibrary
LogPluginManager: Mounting plugin MobilePatchingUtils
LogPluginManager: Mounting plugin OpenXR
LogPluginManager: Mounting plugin OpenXREyeTracker
LogPluginManager: Mounting plugin OpenXRHandTracking
LogPluginManager: Mounting plugin PhysXVehicles
LogPluginManager: Mounting plugin ActorSequence
LogPluginManager: Mounting plugin LevelSequenceEditor
LogPluginManager: Mounting plugin MatineeToLevelSequence
LogPluginManager: Mounting plugin ScreenshotTools
LogPluginManager: Mounting plugin PostSplashScreen
LogPluginManager: Mounting plugin ProceduralMeshComponent
LogPluginManager: Mounting plugin PropertyAccessEditor
LogPluginManager: Mounting plugin TemplateSequence
LogPluginManager: Mounting plugin Takes
LogPluginManager: Mounting plugin RuntimePhysXCooking
LogPluginManager: Mounting plugin SignificanceManager
LogPluginManager: Mounting plugin SoundFields
LogPluginManager: Mounting plugin Synthesis
LogPluginManager: Mounting plugin WebMMoviePlayer
LogPluginManager: Mounting plugin WindowsMoviePlayer
LogPluginManager: Mounting plugin Niagara
LogPluginManager: Mounting plugin ContentBrowserAssetDataSource
LogPluginManager: Mounting plugin ContentBrowserFileDataSource
LogPluginManager: Mounting plugin ContentBrowserClassDataSource
LogPluginManager: Mounting plugin OnlineSubsystemGooglePlay
LogPluginManager: Mounting plugin OnlineSubsystemIOS
LogPluginManager: Mounting plugin OculusVR
LogPluginManager: Mounting plugin SteamVR
PixWinPlugin: PIX capture plugin failed to initialize! Check that the process is launched from PIX.
LogInit: Using libcurl 7.55.1-DEV
LogInit:  - built for x86_64-pc-win32
LogInit:  - supports SSL with OpenSSL/1.1.1
LogInit:  - supports HTTP deflate (compression) using libz 1.2.8
LogInit:  - other features:
LogInit:      CURL_VERSION_SSL
LogInit:      CURL_VERSION_LIBZ
LogInit:      CURL_VERSION_IPV6
LogInit:      CURL_VERSION_ASYNCHDNS
LogInit:      CURL_VERSION_LARGEFILE
LogInit:      CURL_VERSION_IDN
LogInit:  CurlRequestOptions (configurable via config and command line):
LogInit:  - bVerifyPeer = true  - Libcurl will verify peer certificate
LogInit:  - bUseHttpProxy = false  - Libcurl will NOT use HTTP proxy
LogInit:  - bDontReuseConnections = false  - Libcurl will reuse connections
LogInit:  - MaxHostConnections = 16  - Libcurl will limit the number of connections to a host
LogInit:  - LocalHostAddr = Default
LogInit:  - BufferSize = 65536
LogOnline: OSS: Creating online subsystem instance for: NULL
LogInit: WinSock: version 1.1 (2.2), MaxSocks=32767, MaxUdp=65467
LogOnline: OSS: TryLoadSubsystemAndSetDefault: Loaded subsystem for module [NULL]
LogOculusPluginWrapper: OculusPlugin initialized successfully
LogHMD: Failed initializing OVRPlugin 1.59.0
LogInit: Build: ++UE4+Release-4.27-CL-18319896
LogInit: Engine Version: 4.27.2-18319896+++UE4+Release-4.27
LogInit: Compatible Engine Version: 4.27.0-17155196+++UE4+Release-4.27
LogInit: Net CL: 17155196
LogInit: OS: Windows 10 (Release 2009) (), CPU: 12th Gen Intel(R) Core(TM) i5-12400F, GPU: NVIDIA GeForce GTX 1660
LogInit: Compiled (64-bit): Nov 30 2021 07:12:08
LogInit: Compiled with Visual C++: 19.24.28315.00
LogInit: Build Configuration: Development
LogInit: Branch Name: ++UE4+Release-4.27
LogInit: Command Line: 
LogInit: Base Directory: D:/UE_4.27/Engine/Binaries/Win64/
LogInit: Allocator: TBB
LogInit: Installed Engine Build: 1
LogDevObjectVersion: Number of dev versions registered: 29
LogDevObjectVersion:   Dev-Blueprints (B0D832E4-1F89-4F0D-ACCF-7EB736FD4AA2): 10
LogDevObjectVersion:   Dev-Build (E1C64328-A22C-4D53-A36C-8E866417BD8C): 0
LogDevObjectVersion:   Dev-Core (375EC13C-06E4-48FB-B500-84F0262A717E): 4
LogDevObjectVersion:   Dev-Editor (E4B068ED-F494-42E9-A231-DA0B2E46BB41): 40
LogDevObjectVersion:   Dev-Framework (CFFC743F-43B0-4480-9391-14DF171D2073): 37
LogDevObjectVersion:   Dev-Mobile (B02B49B5-BB20-44E9-A304-32B752E40360): 3
LogDevObjectVersion:   Dev-Networking (A4E4105C-59A1-49B5-A7C5-40C4547EDFEE): 0
LogDevObjectVersion:   Dev-Online (39C831C9-5AE6-47DC-9A44-9C173E1C8E7C): 0
LogDevObjectVersion:   Dev-Physics (78F01B33-EBEA-4F98-B9B4-84EACCB95AA2): 14
LogDevObjectVersion:   Dev-Platform (6631380F-2D4D-43E0-8009-CF276956A95A): 0
LogDevObjectVersion:   Dev-Rendering (12F88B9F-8875-4AFC-A67C-D90C383ABD29): 45
LogDevObjectVersion:   Dev-Sequencer (7B5AE74C-D270-4C10-A958-57980B212A5A): 13
LogDevObjectVersion:   Dev-VR (D7296918-1DD6-4BDD-9DE2-64A83CC13884): 3
LogDevObjectVersion:   Dev-LoadTimes (C2A15278-BFE7-4AFE-6C17-90FF531DF755): 1
LogDevObjectVersion:   Private-Geometry (6EACA3D4-40EC-4CC1-B786-8BED09428FC5): 3
LogDevObjectVersion:   Dev-AnimPhys (29E575DD-E0A3-4627-9D10-D276232CDCEA): 17
LogDevObjectVersion:   Dev-Anim (AF43A65D-7FD3-4947-9873-3E8ED9C1BB05): 15
LogDevObjectVersion:   Dev-ReflectionCapture (6B266CEC-1EC7-4B8F-A30B-E4D90942FC07): 1
LogDevObjectVersion:   Dev-Automation (0DF73D61-A23F-47EA-B727-89E90C41499A): 1
LogDevObjectVersion:   FortniteMain (601D1886-AC64-4F84-AA16-D3DE0DEAC7D6): 47
LogDevObjectVersion:   FortniteRelease (E7086368-6B23-4C58-8439-1B7016265E91): 1
LogDevObjectVersion:   Dev-Enterprise (9DFFBCD6-494F-0158-E221-12823C92A888): 10
LogDevObjectVersion:   Dev-Niagara (F2AED0AC-9AFE-416F-8664-AA7FFA26D6FC): 1
LogDevObjectVersion:   Dev-Destruction (174F1F0B-B4C6-45A5-B13F-2EE8D0FB917D): 10
LogDevObjectVersion:   Dev-Physics-Ext (35F94A83-E258-406C-A318-09F59610247C): 41
LogDevObjectVersion:   Dev-PhysicsMaterial-Chaos (B68FC16E-8B1B-42E2-B453-215C058844FE): 1
LogDevObjectVersion:   Dev-CineCamera (B2E18506-4273-CFC2-A54E-F4BB758BBA07): 1
LogDevObjectVersion:   Dev-VirtualProduction (64F58936-FD1B-42BA-BA96-7289D5D0FA4E): 1
LogDevObjectVersion:   Dev-MediaFramework (6F0ED827-A609-4895-9C91-998D90180EA4): 2
LogInit: Presizing for max 25165824 objects, including 0 objects not considered by GC, pre-allocating 0 bytes for permanent pool.
LogConfig: Applying CVar settings from Section [/Script/Engine.StreamingSettings] File [D:/上传官网2/sdjqr-zj1/Robotic Vacuum Cleaner ZJVol1/Saved/Config/Windows/Engine.ini]
LogConfig: Setting CVar [[s.MinBulkDataSizeForAsyncLoading:131072]]
LogConfig: Setting CVar [[s.AsyncLoadingThreadEnabled:0]]
LogConfig: Setting CVar [[s.EventDrivenLoaderEnabled:1]]
LogConfig: Setting CVar [[s.WarnIfTimeLimitExceeded:0]]
LogConfig: Setting CVar [[s.TimeLimitExceededMultiplier:1.5]]
LogConfig: Setting CVar [[s.TimeLimitExceededMinTime:0.005]]
LogConfig: Setting CVar [[s.UseBackgroundLevelStreaming:1]]
LogConfig: Setting CVar [[s.PriorityAsyncLoadingExtraTime:15.0]]
LogConfig: Setting CVar [[s.LevelStreamingActorsUpdateTimeLimit:5.0]]
LogConfig: Setting CVar [[s.PriorityLevelStreamingActorsUpdateExtraTime:5.0]]
LogConfig: Setting CVar [[s.LevelStreamingComponentsRegistrationGranularity:10]]
LogConfig: Setting CVar [[s.UnregisterComponentsTimeLimit:1.0]]
LogConfig: Setting CVar [[s.LevelStreamingComponentsUnregistrationGranularity:5]]
LogConfig: Setting CVar [[s.FlushStreamingOnExit:1]]
LogInit: Object subsystem initialized
LogConfig: Setting CVar [[con.DebugEarlyDefault:1]]
LogConfig: Setting CVar [[r.setres:1280x720]]
[2025.10.18-07.55.28:784][  0]LogConfig: Setting CVar [[r.VSync:0]]
[2025.10.18-07.55.28:784][  0]LogConfig: Setting CVar [[r.RHICmdBypass:0]]
[2025.10.18-07.55.28:784][  0]LogConfig: Applying CVar settings from Section [/Script/Engine.RendererSettings] File [D:/上传官网2/sdjqr-zj1/Robotic Vacuum Cleaner ZJVol1/Saved/Config/Windows/Engine.ini]
[2025.10.18-07.55.28:784][  0]LogConfig: Setting CVar [[r.GPUCrashDebugging:0]]
[2025.10.18-07.55.28:784][  0]LogConfig: Setting CVar [[r.AllowGlobalClipPlane:1]]
[2025.10.18-07.55.28:784][  0]LogConfig: Applying CVar settings from Section [/Script/Engine.RendererOverrideSettings] File [D:/上传官网2/sdjqr-zj1/Robotic Vacuum Cleaner ZJVol1/Saved/Config/Windows/Engine.ini]
[2025.10.18-07.55.28:784][  0]LogConfig: Applying CVar settings from Section [/Script/Engine.StreamingSettings] File [D:/上传官网2/sdjqr-zj1/Robotic Vacuum Cleaner ZJVol1/Saved/Config/Windows/Engine.ini]
[2025.10.18-07.55.28:785][  0]LogConfig: Setting CVar [[s.MinBulkDataSizeForAsyncLoading:131072]]
[2025.10.18-07.55.28:785][  0]LogConfig: Setting CVar [[s.AsyncLoadingThreadEnabled:0]]
[2025.10.18-07.55.28:785][  0]LogConfig: Setting CVar [[s.EventDrivenLoaderEnabled:1]]
[2025.10.18-07.55.28:785][  0]LogConfig: Setting CVar [[s.WarnIfTimeLimitExceeded:0]]
[2025.10.18-07.55.28:785][  0]LogConfig: Setting CVar [[s.TimeLimitExceededMultiplier:1.5]]
[2025.10.18-07.55.28:785][  0]LogConfig: Setting CVar [[s.TimeLimitExceededMinTime:0.005]]
[2025.10.18-07.55.28:785][  0]LogConfig: Setting CVar [[s.UseBackgroundLevelStreaming:1]]
[2025.10.18-07.55.28:785][  0]LogConfig: Setting CVar [[s.PriorityAsyncLoadingExtraTime:15.0]]
[2025.10.18-07.55.28:785][  0]LogConfig: Setting CVar [[s.LevelStreamingActorsUpdateTimeLimit:5.0]]
[2025.10.18-07.55.28:785][  0]LogConfig: Setting CVar [[s.PriorityLevelStreamingActorsUpdateExtraTime:5.0]]
[2025.10.18-07.55.28:785][  0]LogConfig: Setting CVar [[s.LevelStreamingComponentsRegistrationGranularity:10]]
[2025.10.18-07.55.28:785][  0]LogConfig: Setting CVar [[s.UnregisterComponentsTimeLimit:1.0]]
[2025.10.18-07.55.28:785][  0]LogConfig: Setting CVar [[s.LevelStreamingComponentsUnregistrationGranularity:5]]
[2025.10.18-07.55.28:785][  0]LogConfig: Setting CVar [[s.FlushStreamingOnExit:1]]
[2025.10.18-07.55.28:785][  0]LogConfig: Applying CVar settings from Section [/Script/Engine.GarbageCollectionSettings] File [D:/上传官网2/sdjqr-zj1/Robotic Vacuum Cleaner ZJVol1/Saved/Config/Windows/Engine.ini]
[2025.10.18-07.55.28:785][  0]LogConfig: Setting CVar [[gc.MaxObjectsNotConsideredByGC:1]]
[2025.10.18-07.55.28:785][  0]LogConfig: Setting CVar [[gc.SizeOfPermanentObjectPool:0]]
[2025.10.18-07.55.28:785][  0]LogConfig: Setting CVar [[gc.FlushStreamingOnGC:0]]
[2025.10.18-07.55.28:785][  0]LogConfig: Setting CVar [[gc.NumRetriesBeforeForcingGC:10]]
[2025.10.18-07.55.28:785][  0]LogConfig: Setting CVar [[gc.AllowParallelGC:1]]
[2025.10.18-07.55.28:785][  0]LogConfig: Setting CVar [[gc.TimeBetweenPurgingPendingKillObjects:61.1]]
[2025.10.18-07.55.28:785][  0]LogConfig: Setting CVar [[gc.MaxObjectsInEditor:25165824]]
[2025.10.18-07.55.28:785][  0]LogConfig: Setting CVar [[gc.IncrementalBeginDestroyEnabled:1]]
[2025.10.18-07.55.28:785][  0]LogConfig: Setting CVar [[gc.CreateGCClusters:1]]
[2025.10.18-07.55.28:785][  0]LogConfig: Setting CVar [[gc.MinGCClusterSize:5]]
[2025.10.18-07.55.28:785][  0]LogConfig: Setting CVar [[gc.ActorClusteringEnabled:0]]
[2025.10.18-07.55.28:785][  0]LogConfig: Setting CVar [[gc.BlueprintClusteringEnabled:0]]
[2025.10.18-07.55.28:785][  0]LogConfig: Setting CVar [[gc.UseDisregardForGCOnDedicatedServers:0]]
[2025.10.18-07.55.28:785][  0]LogConfig: Setting CVar [[gc.MultithreadedDestructionEnabled:1]]
[2025.10.18-07.55.28:785][  0]LogConfig: Applying CVar settings from Section [/Script/Engine.NetworkSettings] File [D:/上传官网2/sdjqr-zj1/Robotic Vacuum Cleaner ZJVol1/Saved/Config/Windows/Engine.ini]
[2025.10.18-07.55.28:785][  0]LogConfig: Applying CVar settings from Section [/Script/UnrealEd.CookerSettings] File [D:/上传官网2/sdjqr-zj1/Robotic Vacuum Cleaner ZJVol1/Saved/Config/Windows/Engine.ini]
[2025.10.18-07.55.28:788][  0]LogConfig: Applying CVar settings from Section [ViewDistanceQuality@3] File [D:/上传官网2/sdjqr-zj1/Robotic Vacuum Cleaner ZJVol1/Saved/Config/Windows/Scalability.ini]
[2025.10.18-07.55.28:788][  0]LogConfig: Setting CVar [[r.SkeletalMeshLODBias:0]]
[2025.10.18-07.55.28:788][  0]LogConfig: Setting CVar [[r.ViewDistanceScale:1.0]]
[2025.10.18-07.55.28:788][  0]LogConfig: Applying CVar settings from Section [AntiAliasingQuality@3] File [D:/上传官网2/sdjqr-zj1/Robotic Vacuum Cleaner ZJVol1/Saved/Config/Windows/Scalability.ini]
[2025.10.18-07.55.28:788][  0]LogConfig: Setting CVar [[r.PostProcessAAQuality:4]]
[2025.10.18-07.55.28:788][  0]LogConfig: Applying CVar settings from Section [ShadowQuality@3] File [D:/上传官网2/sdjqr-zj1/Robotic Vacuum Cleaner ZJVol1/Saved/Config/Windows/Scalability.ini]
[2025.10.18-07.55.28:788][  0]LogConfig: Setting CVar [[r.LightFunctionQuality:1]]
[2025.10.18-07.55.28:788][  0]LogConfig: Setting CVar [[r.ShadowQuality:5]]
[2025.10.18-07.55.28:788][  0]LogConfig: Setting CVar [[r.Shadow.CSM.MaxCascades:10]]
[2025.10.18-07.55.28:788][  0]LogConfig: Setting CVar [[r.Shadow.MaxResolution:2048]]
[2025.10.18-07.55.28:788][  0]LogConfig: Setting CVar [[r.Shadow.MaxCSMResolution:2048]]
[2025.10.18-07.55.28:788][  0]LogConfig: Setting CVar [[r.Shadow.RadiusThreshold:0.01]]
[2025.10.18-07.55.28:788][  0]LogConfig: Setting CVar [[r.Shadow.DistanceScale:1.0]]
[2025.10.18-07.55.28:788][  0]LogConfig: Setting CVar [[r.Shadow.CSM.TransitionScale:1.0]]
[2025.10.18-07.55.28:788][  0]LogConfig: Setting CVar [[r.Shadow.PreShadowResolutionFactor:1.0]]
[2025.10.18-07.55.28:788][  0]LogConfig: Setting CVar [[r.DistanceFieldShadowing:1]]
[2025.10.18-07.55.28:788][  0]LogConfig: Setting CVar [[r.DistanceFieldAO:1]]
[2025.10.18-07.55.28:788][  0]LogConfig: Setting CVar [[r.AOQuality:2]]
[2025.10.18-07.55.28:788][  0]LogConfig: Setting CVar [[r.VolumetricFog:1]]
[2025.10.18-07.55.28:788][  0]LogConfig: Setting CVar [[r.VolumetricFog.GridPixelSize:8]]
[2025.10.18-07.55.28:788][  0]LogConfig: Setting CVar [[r.VolumetricFog.GridSizeZ:128]]
[2025.10.18-07.55.28:788][  0]LogConfig: Setting CVar [[r.VolumetricFog.HistoryMissSupersampleCount:4]]
[2025.10.18-07.55.28:788][  0]LogConfig: Setting CVar [[r.LightMaxDrawDistanceScale:1]]
[2025.10.18-07.55.28:788][  0]LogConfig: Setting CVar [[r.CapsuleShadows:1]]
[2025.10.18-07.55.28:788][  0]LogConfig: Applying CVar settings from Section [PostProcessQuality@3] File [D:/上传官网2/sdjqr-zj1/Robotic Vacuum Cleaner ZJVol1/Saved/Config/Windows/Scalability.ini]
[2025.10.18-07.55.28:788][  0]LogConfig: Setting CVar [[r.MotionBlurQuality:4]]
[2025.10.18-07.55.28:788][  0]LogConfig: Setting CVar [[r.AmbientOcclusionMipLevelFactor:0.4]]
[2025.10.18-07.55.28:788][  0]LogConfig: Setting CVar [[r.AmbientOcclusionMaxQuality:100]]
[2025.10.18-07.55.28:788][  0]LogConfig: Setting CVar [[r.AmbientOcclusionLevels:-1]]
[2025.10.18-07.55.28:788][  0]LogConfig: Setting CVar [[r.AmbientOcclusionRadiusScale:1.0]]
[2025.10.18-07.55.28:788][  0]LogConfig: Setting CVar [[r.DepthOfFieldQuality:2]]
[2025.10.18-07.55.28:788][  0]LogConfig: Setting CVar [[r.RenderTargetPoolMin:400]]
[2025.10.18-07.55.28:788][  0]LogConfig: Setting CVar [[r.LensFlareQuality:2]]
[2025.10.18-07.55.28:788][  0]LogConfig: Setting CVar [[r.SceneColorFringeQuality:1]]
[2025.10.18-07.55.28:788][  0]LogConfig: Setting CVar [[r.EyeAdaptationQuality:2]]
[2025.10.18-07.55.28:788][  0]LogConfig: Setting CVar [[r.BloomQuality:5]]
[2025.10.18-07.55.28:788][  0]LogConfig: Setting CVar [[r.FastBlurThreshold:100]]
[2025.10.18-07.55.28:788][  0]LogConfig: Setting CVar [[r.Upscale.Quality:3]]
[2025.10.18-07.55.28:788][  0]LogConfig: Setting CVar [[r.Tonemapper.GrainQuantization:1]]
[2025.10.18-07.55.28:788][  0]LogConfig: Setting CVar [[r.LightShaftQuality:1]]
[2025.10.18-07.55.28:788][  0]LogConfig: Setting CVar [[r.Filter.SizeScale:1]]
[2025.10.18-07.55.28:788][  0]LogConfig: Setting CVar [[r.Tonemapper.Quality:5]]
[2025.10.18-07.55.28:788][  0]LogConfig: Setting CVar [[r.DOF.Gather.AccumulatorQuality:1        ; higher gathering accumulator quality]]
[2025.10.18-07.55.28:788][  0]LogConfig: Setting CVar [[r.DOF.Gather.PostfilterMethod:1          ; Median3x3 postfilering method]]
[2025.10.18-07.55.28:788][  0]LogConfig: Setting CVar [[r.DOF.Gather.EnableBokehSettings:0       ; no bokeh simulation when gathering]]
[2025.10.18-07.55.28:788][  0]LogConfig: Setting CVar [[r.DOF.Gather.RingCount:4                 ; medium number of samples when gathering]]
[2025.10.18-07.55.28:788][  0]LogConfig: Setting CVar [[r.DOF.Scatter.ForegroundCompositing:1    ; additive foreground scattering]]
[2025.10.18-07.55.28:788][  0]LogConfig: Setting CVar [[r.DOF.Scatter.BackgroundCompositing:2    ; additive background scattering]]
[2025.10.18-07.55.28:788][  0]LogConfig: Setting CVar [[r.DOF.Scatter.EnableBokehSettings:1      ; bokeh simulation when scattering]]
[2025.10.18-07.55.28:788][  0]LogConfig: Setting CVar [[r.DOF.Scatter.MaxSpriteRatio:0.1         ; only a maximum of 10% of scattered bokeh]]
[2025.10.18-07.55.28:788][  0]LogConfig: Setting CVar [[r.DOF.Recombine.Quality:1                ; cheap slight out of focus]]
[2025.10.18-07.55.28:788][  0]LogConfig: Setting CVar [[r.DOF.Recombine.EnableBokehSettings:0    ; no bokeh simulation on slight out of focus]]
[2025.10.18-07.55.28:788][  0]LogConfig: Setting CVar [[r.DOF.TemporalAAQuality:1                ; more stable temporal accumulation]]
[2025.10.18-07.55.28:788][  0]LogConfig: Setting CVar [[r.DOF.Kernel.MaxForegroundRadius:0.025]]
[2025.10.18-07.55.28:788][  0]LogConfig: Setting CVar [[r.DOF.Kernel.MaxBackgroundRadius:0.025]]
[2025.10.18-07.55.28:788][  0]LogConfig: Applying CVar settings from Section [TextureQuality@3] File [D:/上传官网2/sdjqr-zj1/Robotic Vacuum Cleaner ZJVol1/Saved/Config/Windows/Scalability.ini]
[2025.10.18-07.55.28:788][  0]LogConfig: Setting CVar [[r.Streaming.MipBias:0]]
[2025.10.18-07.55.28:788][  0]LogConfig: Setting CVar [[r.Streaming.AmortizeCPUToGPUCopy:0]]
[2025.10.18-07.55.28:788][  0]LogConfig: Setting CVar [[r.Streaming.MaxNumTexturesToStreamPerFrame:0]]
[2025.10.18-07.55.28:788][  0]LogConfig: Setting CVar [[r.Streaming.Boost:1]]
[2025.10.18-07.55.28:788][  0]LogConfig: Setting CVar [[r.MaxAnisotropy:8]]
[2025.10.18-07.55.28:788][  0]LogConfig: Setting CVar [[r.VT.MaxAnisotropy:8]]
[2025.10.18-07.55.28:788][  0]LogConfig: Setting CVar [[r.Streaming.LimitPoolSizeToVRAM:0]]
[2025.10.18-07.55.28:788][  0]LogConfig: Setting CVar [[r.Streaming.PoolSize:1000]]
[2025.10.18-07.55.28:788][  0]LogConfig: Setting CVar [[r.Streaming.MaxEffectiveScreenSize:0]]
[2025.10.18-07.55.28:788][  0]LogConfig: Applying CVar settings from Section [EffectsQuality@3] File [D:/上传官网2/sdjqr-zj1/Robotic Vacuum Cleaner ZJVol1/Saved/Config/Windows/Scalability.ini]
[2025.10.18-07.55.28:788][  0]LogConfig: Setting CVar [[r.TranslucencyLightingVolumeDim:64]]
[2025.10.18-07.55.28:788][  0]LogConfig: Setting CVar [[r.RefractionQuality:2]]
[2025.10.18-07.55.28:789][  0]LogConfig: Setting CVar [[r.SSR.Quality:3]]
[2025.10.18-07.55.28:789][  0]LogConfig: Setting CVar [[r.SSR.HalfResSceneColor:0]]
[2025.10.18-07.55.28:789][  0]LogConfig: Setting CVar [[r.SceneColorFormat:4]]
[2025.10.18-07.55.28:789][  0]LogConfig: Setting CVar [[r.DetailMode:2]]
[2025.10.18-07.55.28:789][  0]LogConfig: Setting CVar [[r.TranslucencyVolumeBlur:1]]
[2025.10.18-07.55.28:789][  0]LogConfig: Setting CVar [[r.MaterialQualityLevel:1 ; High quality]]
[2025.10.18-07.55.28:789][  0]LogConfig: Setting CVar [[r.AnisotropicMaterials:1]]
[2025.10.18-07.55.28:789][  0]LogConfig: Setting CVar [[r.SSS.Scale:1]]
[2025.10.18-07.55.28:789][  0]LogConfig: Setting CVar [[r.SSS.SampleSet:2]]
[2025.10.18-07.55.28:789][  0]LogConfig: Setting CVar [[r.SSS.Quality:1]]
[2025.10.18-07.55.28:789][  0]LogConfig: Setting CVar [[r.SSS.HalfRes:0]]
[2025.10.18-07.55.28:789][  0]LogConfig: Setting CVar [[r.SSGI.Quality:3]]
[2025.10.18-07.55.28:789][  0]LogConfig: Setting CVar [[r.EmitterSpawnRateScale:1.0]]
[2025.10.18-07.55.28:789][  0]LogConfig: Setting CVar [[r.ParticleLightQuality:2]]
[2025.10.18-07.55.28:789][  0]LogConfig: Setting CVar [[r.SkyAtmosphere.AerialPerspectiveLUT.FastApplyOnOpaque:1 ; Always have FastSkyLUT 1 in this case to avoid wrong sky]]
[2025.10.18-07.55.28:789][  0]LogConfig: Setting CVar [[r.SkyAtmosphere.AerialPerspectiveLUT.SampleCountMaxPerSlice:4]]
[2025.10.18-07.55.28:789][  0]LogConfig: Setting CVar [[r.SkyAtmosphere.AerialPerspectiveLUT.DepthResolution:16.0]]
[2025.10.18-07.55.28:789][  0]LogConfig: Setting CVar [[r.SkyAtmosphere.FastSkyLUT:1]]
[2025.10.18-07.55.28:789][  0]LogConfig: Setting CVar [[r.SkyAtmosphere.FastSkyLUT.SampleCountMin:4.0]]
[2025.10.18-07.55.28:789][  0]LogConfig: Setting CVar [[r.SkyAtmosphere.FastSkyLUT.SampleCountMax:128.0]]
[2025.10.18-07.55.28:789][  0]LogConfig: Setting CVar [[r.SkyAtmosphere.SampleCountMin:4.0]]
[2025.10.18-07.55.28:789][  0]LogConfig: Setting CVar [[r.SkyAtmosphere.SampleCountMax:128.0]]
[2025.10.18-07.55.28:789][  0]LogConfig: Setting CVar [[r.SkyAtmosphere.TransmittanceLUT.UseSmallFormat:0]]
[2025.10.18-07.55.28:789][  0]LogConfig: Setting CVar [[r.SkyAtmosphere.TransmittanceLUT.SampleCount:10.0]]
[2025.10.18-07.55.28:789][  0]LogConfig: Setting CVar [[r.SkyAtmosphere.MultiScatteringLUT.SampleCount:15.0]]
[2025.10.18-07.55.28:789][  0]LogConfig: Setting CVar [[r.SkyLight.RealTimeReflectionCapture:1]]
[2025.10.18-07.55.28:789][  0]LogConfig: Applying CVar settings from Section [FoliageQuality@3] File [D:/上传官网2/sdjqr-zj1/Robotic Vacuum Cleaner ZJVol1/Saved/Config/Windows/Scalability.ini]
[2025.10.18-07.55.28:789][  0]LogConfig: Setting CVar [[foliage.DensityScale:1.0]]
[2025.10.18-07.55.28:789][  0]LogConfig: Setting CVar [[grass.DensityScale:1.0]]
[2025.10.18-07.55.28:789][  0]LogConfig: Applying CVar settings from Section [ShadingQuality@3] File [D:/上传官网2/sdjqr-zj1/Robotic Vacuum Cleaner ZJVol1/Saved/Config/Windows/Scalability.ini]
[2025.10.18-07.55.28:789][  0]LogConfig: Setting CVar [[r.HairStrands.SkyLighting.IntegrationType:2]]
[2025.10.18-07.55.28:789][  0]LogConfig: Setting CVar [[r.HairStrands.SkyAO.SampleCount:4]]
[2025.10.18-07.55.28:789][  0]LogConfig: Setting CVar [[r.HairStrands.Visibility.MSAA.SamplePerPixel:4]]
[2025.10.18-07.55.28:789][  0]LogInit: Selected Device Profile: [Windows]
[2025.10.18-07.55.28:789][  0]LogInit: Applying CVar settings loaded from the selected device profile: [Windows]
[2025.10.18-07.55.28:789][  0]LogHAL: Display: Platform has ~ 32 GB [34160525312 / 34359738368 / 32], which maps to Largest [LargestMinGB=32, LargerMinGB=12, DefaultMinGB=8, SmallerMinGB=6, SmallestMinGB=0)
[2025.10.18-07.55.28:789][  0]LogInit: Going up to parent DeviceProfile []
[2025.10.18-07.55.28:789][  0]LogConfig: Applying CVar settings from Section [ViewDistanceQuality@3] File [D:/上传官网2/sdjqr-zj1/Robotic Vacuum Cleaner ZJVol1/Saved/Config/Windows/Scalability.ini]
[2025.10.18-07.55.28:789][  0]LogConfig: Setting CVar [[r.SkeletalMeshLODBias:0]]
[2025.10.18-07.55.28:789][  0]LogConfig: Setting CVar [[r.ViewDistanceScale:1.0]]
[2025.10.18-07.55.28:789][  0]LogConfig: Applying CVar settings from Section [AntiAliasingQuality@3] File [D:/上传官网2/sdjqr-zj1/Robotic Vacuum Cleaner ZJVol1/Saved/Config/Windows/Scalability.ini]
[2025.10.18-07.55.28:789][  0]LogConfig: Setting CVar [[r.PostProcessAAQuality:4]]
[2025.10.18-07.55.28:789][  0]LogConfig: Applying CVar settings from Section [ShadowQuality@3] File [D:/上传官网2/sdjqr-zj1/Robotic Vacuum Cleaner ZJVol1/Saved/Config/Windows/Scalability.ini]
[2025.10.18-07.55.28:789][  0]LogConfig: Setting CVar [[r.LightFunctionQuality:1]]
[2025.10.18-07.55.28:789][  0]LogConfig: Setting CVar [[r.ShadowQuality:5]]
[2025.10.18-07.55.28:789][  0]LogConfig: Setting CVar [[r.Shadow.CSM.MaxCascades:10]]
[2025.10.18-07.55.28:789][  0]LogConfig: Setting CVar [[r.Shadow.MaxResolution:2048]]
[2025.10.18-07.55.28:789][  0]LogConfig: Setting CVar [[r.Shadow.MaxCSMResolution:2048]]
[2025.10.18-07.55.28:789][  0]LogConfig: Setting CVar [[r.Shadow.RadiusThreshold:0.01]]
[2025.10.18-07.55.28:789][  0]LogConfig: Setting CVar [[r.Shadow.DistanceScale:1.0]]
[2025.10.18-07.55.28:789][  0]LogConfig: Setting CVar [[r.Shadow.CSM.TransitionScale:1.0]]
[2025.10.18-07.55.28:789][  0]LogConfig: Setting CVar [[r.Shadow.PreShadowResolutionFactor:1.0]]
[2025.10.18-07.55.28:789][  0]LogConfig: Setting CVar [[r.DistanceFieldShadowing:1]]
[2025.10.18-07.55.28:789][  0]LogConfig: Setting CVar [[r.DistanceFieldAO:1]]
[2025.10.18-07.55.28:789][  0]LogConfig: Setting CVar [[r.AOQuality:2]]
[2025.10.18-07.55.28:789][  0]LogConfig: Setting CVar [[r.VolumetricFog:1]]
[2025.10.18-07.55.28:789][  0]LogConfig: Setting CVar [[r.VolumetricFog.GridPixelSize:8]]
[2025.10.18-07.55.28:789][  0]LogConfig: Setting CVar [[r.VolumetricFog.GridSizeZ:128]]
[2025.10.18-07.55.28:789][  0]LogConfig: Setting CVar [[r.VolumetricFog.HistoryMissSupersampleCount:4]]
[2025.10.18-07.55.28:789][  0]LogConfig: Setting CVar [[r.LightMaxDrawDistanceScale:1]]
[2025.10.18-07.55.28:789][  0]LogConfig: Setting CVar [[r.CapsuleShadows:1]]
[2025.10.18-07.55.28:789][  0]LogConfig: Applying CVar settings from Section [PostProcessQuality@3] File [D:/上传官网2/sdjqr-zj1/Robotic Vacuum Cleaner ZJVol1/Saved/Config/Windows/Scalability.ini]
[2025.10.18-07.55.28:789][  0]LogConfig: Setting CVar [[r.MotionBlurQuality:4]]
[2025.10.18-07.55.28:789][  0]LogConfig: Setting CVar [[r.AmbientOcclusionMipLevelFactor:0.4]]
[2025.10.18-07.55.28:789][  0]LogConfig: Setting CVar [[r.AmbientOcclusionMaxQuality:100]]
[2025.10.18-07.55.28:789][  0]LogConfig: Setting CVar [[r.AmbientOcclusionLevels:-1]]
[2025.10.18-07.55.28:789][  0]LogConfig: Setting CVar [[r.AmbientOcclusionRadiusScale:1.0]]
[2025.10.18-07.55.28:789][  0]LogConfig: Setting CVar [[r.DepthOfFieldQuality:2]]
[2025.10.18-07.55.28:789][  0]LogConfig: Setting CVar [[r.RenderTargetPoolMin:400]]
[2025.10.18-07.55.28:789][  0]LogConfig: Setting CVar [[r.LensFlareQuality:2]]
[2025.10.18-07.55.28:789][  0]LogConfig: Setting CVar [[r.SceneColorFringeQuality:1]]
[2025.10.18-07.55.28:789][  0]LogConfig: Setting CVar [[r.EyeAdaptationQuality:2]]
[2025.10.18-07.55.28:789][  0]LogConfig: Setting CVar [[r.BloomQuality:5]]
[2025.10.18-07.55.28:789][  0]LogConfig: Setting CVar [[r.FastBlurThreshold:100]]
[2025.10.18-07.55.28:789][  0]LogConfig: Setting CVar [[r.Upscale.Quality:3]]
[2025.10.18-07.55.28:789][  0]LogConfig: Setting CVar [[r.Tonemapper.GrainQuantization:1]]
[2025.10.18-07.55.28:789][  0]LogConfig: Setting CVar [[r.LightShaftQuality:1]]
[2025.10.18-07.55.28:789][  0]LogConfig: Setting CVar [[r.Filter.SizeScale:1]]
[2025.10.18-07.55.28:789][  0]LogConfig: Setting CVar [[r.Tonemapper.Quality:5]]
[2025.10.18-07.55.28:789][  0]LogConfig: Setting CVar [[r.DOF.Gather.AccumulatorQuality:1        ; higher gathering accumulator quality]]
[2025.10.18-07.55.28:789][  0]LogConfig: Setting CVar [[r.DOF.Gather.PostfilterMethod:1          ; Median3x3 postfilering method]]
[2025.10.18-07.55.28:789][  0]LogConfig: Setting CVar [[r.DOF.Gather.EnableBokehSettings:0       ; no bokeh simulation when gathering]]
[2025.10.18-07.55.28:789][  0]LogConfig: Setting CVar [[r.DOF.Gather.RingCount:4                 ; medium number of samples when gathering]]
[2025.10.18-07.55.28:789][  0]LogConfig: Setting CVar [[r.DOF.Scatter.ForegroundCompositing:1    ; additive foreground scattering]]
[2025.10.18-07.55.28:789][  0]LogConfig: Setting CVar [[r.DOF.Scatter.BackgroundCompositing:2    ; additive background scattering]]
[2025.10.18-07.55.28:789][  0]LogConfig: Setting CVar [[r.DOF.Scatter.EnableBokehSettings:1      ; bokeh simulation when scattering]]
[2025.10.18-07.55.28:789][  0]LogConfig: Setting CVar [[r.DOF.Scatter.MaxSpriteRatio:0.1         ; only a maximum of 10% of scattered bokeh]]
[2025.10.18-07.55.28:789][  0]LogConfig: Setting CVar [[r.DOF.Recombine.Quality:1                ; cheap slight out of focus]]
[2025.10.18-07.55.28:789][  0]LogConfig: Setting CVar [[r.DOF.Recombine.EnableBokehSettings:0    ; no bokeh simulation on slight out of focus]]
[2025.10.18-07.55.28:789][  0]LogConfig: Setting CVar [[r.DOF.TemporalAAQuality:1                ; more stable temporal accumulation]]
[2025.10.18-07.55.28:789][  0]LogConfig: Setting CVar [[r.DOF.Kernel.MaxForegroundRadius:0.025]]
[2025.10.18-07.55.28:789][  0]LogConfig: Setting CVar [[r.DOF.Kernel.MaxBackgroundRadius:0.025]]
[2025.10.18-07.55.28:789][  0]LogConfig: Applying CVar settings from Section [TextureQuality@3] File [D:/上传官网2/sdjqr-zj1/Robotic Vacuum Cleaner ZJVol1/Saved/Config/Windows/Scalability.ini]
[2025.10.18-07.55.28:789][  0]LogConfig: Setting CVar [[r.Streaming.MipBias:0]]
[2025.10.18-07.55.28:789][  0]LogConfig: Setting CVar [[r.Streaming.AmortizeCPUToGPUCopy:0]]
[2025.10.18-07.55.28:789][  0]LogConfig: Setting CVar [[r.Streaming.MaxNumTexturesToStreamPerFrame:0]]
[2025.10.18-07.55.28:789][  0]LogConfig: Setting CVar [[r.Streaming.Boost:1]]
[2025.10.18-07.55.28:789][  0]LogConfig: Setting CVar [[r.MaxAnisotropy:8]]
[2025.10.18-07.55.28:789][  0]LogConfig: Setting CVar [[r.VT.MaxAnisotropy:8]]
[2025.10.18-07.55.28:789][  0]LogConfig: Setting CVar [[r.Streaming.LimitPoolSizeToVRAM:0]]
[2025.10.18-07.55.28:789][  0]LogConfig: Setting CVar [[r.Streaming.PoolSize:1000]]
[2025.10.18-07.55.28:789][  0]LogConfig: Setting CVar [[r.Streaming.MaxEffectiveScreenSize:0]]
[2025.10.18-07.55.28:789][  0]LogConfig: Applying CVar settings from Section [EffectsQuality@3] File [D:/上传官网2/sdjqr-zj1/Robotic Vacuum Cleaner ZJVol1/Saved/Config/Windows/Scalability.ini]
[2025.10.18-07.55.28:789][  0]LogConfig: Setting CVar [[r.TranslucencyLightingVolumeDim:64]]
[2025.10.18-07.55.28:789][  0]LogConfig: Setting CVar [[r.RefractionQuality:2]]
[2025.10.18-07.55.28:789][  0]LogConfig: Setting CVar [[r.SSR.Quality:3]]
[2025.10.18-07.55.28:789][  0]LogConfig: Setting CVar [[r.SSR.HalfResSceneColor:0]]
[2025.10.18-07.55.28:789][  0]LogConfig: Setting CVar [[r.SceneColorFormat:4]]
[2025.10.18-07.55.28:789][  0]LogConfig: Setting CVar [[r.DetailMode:2]]
[2025.10.18-07.55.28:789][  0]LogConfig: Setting CVar [[r.TranslucencyVolumeBlur:1]]
[2025.10.18-07.55.28:789][  0]LogConfig: Setting CVar [[r.MaterialQualityLevel:1 ; High quality]]
[2025.10.18-07.55.28:789][  0]LogConfig: Setting CVar [[r.AnisotropicMaterials:1]]
[2025.10.18-07.55.28:789][  0]LogConfig: Setting CVar [[r.SSS.Scale:1]]
[2025.10.18-07.55.28:789][  0]LogConfig: Setting CVar [[r.SSS.SampleSet:2]]
[2025.10.18-07.55.28:789][  0]LogConfig: Setting CVar [[r.SSS.Quality:1]]
[2025.10.18-07.55.28:789][  0]LogConfig: Setting CVar [[r.SSS.HalfRes:0]]
[2025.10.18-07.55.28:789][  0]LogConfig: Setting CVar [[r.SSGI.Quality:3]]
[2025.10.18-07.55.28:789][  0]LogConfig: Setting CVar [[r.EmitterSpawnRateScale:1.0]]
[2025.10.18-07.55.28:789][  0]LogConfig: Setting CVar [[r.ParticleLightQuality:2]]
[2025.10.18-07.55.28:789][  0]LogConfig: Setting CVar [[r.SkyAtmosphere.AerialPerspectiveLUT.FastApplyOnOpaque:1 ; Always have FastSkyLUT 1 in this case to avoid wrong sky]]
[2025.10.18-07.55.28:789][  0]LogConfig: Setting CVar [[r.SkyAtmosphere.AerialPerspectiveLUT.SampleCountMaxPerSlice:4]]
[2025.10.18-07.55.28:789][  0]LogConfig: Setting CVar [[r.SkyAtmosphere.AerialPerspectiveLUT.DepthResolution:16.0]]
[2025.10.18-07.55.28:789][  0]LogConfig: Setting CVar [[r.SkyAtmosphere.FastSkyLUT:1]]
[2025.10.18-07.55.28:790][  0]LogConfig: Setting CVar [[r.SkyAtmosphere.FastSkyLUT.SampleCountMin:4.0]]
[2025.10.18-07.55.28:790][  0]LogConfig: Setting CVar [[r.SkyAtmosphere.FastSkyLUT.SampleCountMax:128.0]]
[2025.10.18-07.55.28:790][  0]LogConfig: Setting CVar [[r.SkyAtmosphere.SampleCountMin:4.0]]
[2025.10.18-07.55.28:790][  0]LogConfig: Setting CVar [[r.SkyAtmosphere.SampleCountMax:128.0]]
[2025.10.18-07.55.28:790][  0]LogConfig: Setting CVar [[r.SkyAtmosphere.TransmittanceLUT.UseSmallFormat:0]]
[2025.10.18-07.55.28:790][  0]LogConfig: Setting CVar [[r.SkyAtmosphere.TransmittanceLUT.SampleCount:10.0]]
[2025.10.18-07.55.28:790][  0]LogConfig: Setting CVar [[r.SkyAtmosphere.MultiScatteringLUT.SampleCount:15.0]]
[2025.10.18-07.55.28:790][  0]LogConfig: Setting CVar [[r.SkyLight.RealTimeReflectionCapture:1]]
[2025.10.18-07.55.28:790][  0]LogConfig: Applying CVar settings from Section [FoliageQuality@3] File [D:/上传官网2/sdjqr-zj1/Robotic Vacuum Cleaner ZJVol1/Saved/Config/Windows/Scalability.ini]
[2025.10.18-07.55.28:790][  0]LogConfig: Setting CVar [[foliage.DensityScale:1.0]]
[2025.10.18-07.55.28:790][  0]LogConfig: Setting CVar [[grass.DensityScale:1.0]]
[2025.10.18-07.55.28:790][  0]LogConfig: Applying CVar settings from Section [ShadingQuality@3] File [D:/上传官网2/sdjqr-zj1/Robotic Vacuum Cleaner ZJVol1/Saved/Config/Windows/Scalability.ini]
[2025.10.18-07.55.28:790][  0]LogConfig: Setting CVar [[r.HairStrands.SkyLighting.IntegrationType:2]]
[2025.10.18-07.55.28:790][  0]LogConfig: Setting CVar [[r.HairStrands.SkyAO.SampleCount:4]]
[2025.10.18-07.55.28:790][  0]LogConfig: Setting CVar [[r.HairStrands.Visibility.MSAA.SamplePerPixel:4]]
[2025.10.18-07.55.28:790][  0]LogConfig: Applying CVar settings from Section [Startup] File [../../../Engine/Config/ConsoleVariables.ini]
[2025.10.18-07.55.28:790][  0]LogConfig: Setting CVar [[net.UseAdaptiveNetUpdateFrequency:0]]
[2025.10.18-07.55.28:790][  0]LogConfig: Setting CVar [[p.chaos.AllowCreatePhysxBodies:1]]
[2025.10.18-07.55.28:790][  0]LogConfig: Setting CVar [[fx.SkipVectorVMBackendOptimizations:1]]
[2025.10.18-07.55.28:790][  0]LogConfig: Applying CVar settings from Section [ConsoleVariables] File [D:/上传官网2/sdjqr-zj1/Robotic Vacuum Cleaner ZJVol1/Saved/Config/Windows/Engine.ini]
[2025.10.18-07.55.28:790][  0]LogConfig: Applying CVar settings from Section [ConsoleVariables] File [D:/上传官网2/sdjqr-zj1/Robotic Vacuum Cleaner ZJVol1/Saved/Config/Windows/Editor.ini]
[2025.10.18-07.55.28:790][  0]LogInit: Computer: NEW
[2025.10.18-07.55.28:790][  0]LogInit: User: Administrator
[2025.10.18-07.55.28:790][  0]LogInit: CPU Page size=4096, Cores=6
[2025.10.18-07.55.28:790][  0]LogInit: High frequency timer resolution =10.000000 MHz
[2025.10.18-07.55.28:790][  0]LogMemory: Memory total: Physical=31.8GB (32GB approx)
[2025.10.18-07.55.28:790][  0]LogMemory: Platform Memory Stats for Windows
[2025.10.18-07.55.28:790][  0]LogMemory: Process Physical Memory: 148.98 MB used, 148.98 MB peak
[2025.10.18-07.55.28:790][  0]LogMemory: Process Virtual Memory: 123.45 MB used, 123.45 MB peak
[2025.10.18-07.55.28:790][  0]LogMemory: Physical Memory: 10066.55 MB used,  22511.47 MB free, 32578.02 MB total
[2025.10.18-07.55.28:790][  0]LogMemory: Virtual Memory: 134180096.00 MB used,  37635.11 MB free, 134217728.00 MB total
[2025.10.18-07.55.28:791][  0]LogWindows: WindowsPlatformFeatures enabled
[2025.10.18-07.55.28:840][  0]LogInit: Physics initialised using underlying interface: PhysX
[2025.10.18-07.55.28:841][  0]LogInit: Using OS detected language (zh-CN).
[2025.10.18-07.55.28:841][  0]LogInit: Using OS detected locale (zh-CN).
[2025.10.18-07.55.28:842][  0]LogTextLocalizationManager: No specific localization for 'zh-CN' exists, so the 'zh-Hans' localization will be used.
[2025.10.18-07.55.28:914][  0]LogTextLocalizationResource: LocRes '../../../Engine/Content/Localization/Editor/zh/Editor.locres' could not be opened for reading!
[2025.10.18-07.55.28:914][  0]LogTextLocalizationResource: LocRes '../../../Engine/Content/Localization/EditorTutorials/zh/EditorTutorials.locres' could not be opened for reading!
[2025.10.18-07.55.28:914][  0]LogTextLocalizationResource: LocRes '../../../Engine/Content/Localization/Keywords/zh/Keywords.locres' could not be opened for reading!
[2025.10.18-07.55.28:914][  0]LogTextLocalizationResource: LocRes '../../../Engine/Content/Localization/Category/zh/Category.locres' could not be opened for reading!
[2025.10.18-07.55.28:915][  0]LogTextLocalizationResource: LocRes '../../../Engine/Content/Localization/ToolTips/zh/ToolTips.locres' could not be opened for reading!
[2025.10.18-07.55.28:915][  0]LogTextLocalizationResource: LocRes '../../../Engine/Content/Localization/PropertyNames/zh/PropertyNames.locres' could not be opened for reading!
[2025.10.18-07.55.28:915][  0]LogTextLocalizationResource: LocRes '../../../Engine/Content/Localization/Engine/zh/Engine.locres' could not be opened for reading!
[2025.10.18-07.55.28:915][  0]LogTextLocalizationResource: LocRes '../../../Engine/Plugins/Online/OnlineSubsystem/Content/Localization/OnlineSubsystem/zh/OnlineSubsystem.locres' could not be opened for reading!
[2025.10.18-07.55.28:915][  0]LogTextLocalizationResource: LocRes '../../../Engine/Plugins/Online/OnlineSubsystemUtils/Content/Localization/OnlineSubsystemUtils/zh/OnlineSubsystemUtils.locres' could not be opened for reading!
[2025.10.18-07.55.28:915][  0]LogTextLocalizationResource: LocRes '../../../Engine/Plugins/Online/Android/OnlineSubsystemGooglePlay/Content/Localization/OnlineSubsystemGooglePlay/zh/OnlineSubsystemGooglePlay.locres' could not be opened for reading!
[2025.10.18-07.55.28:915][  0]LogTextLocalizationResource: LocRes '../../../Engine/Plugins/Online/IOS/OnlineSubsystemIOS/Content/Localization/OnlineSubsystemIOS/zh/OnlineSubsystemIOS.locres' could not be opened for reading!
[2025.10.18-07.55.28:949][  0]LogInit: Setting process to per monitor DPI aware
[2025.10.18-07.55.28:957][  0]LogWindowsTextInputMethodSystem: Display: IME system deactivated.
[2025.10.18-07.55.28:968][  0]LogSlate: New Slate User Created.  User Index 0, Is Virtual User: 0
[2025.10.18-07.55.28:968][  0]LogSlate: Slate User Registered.  User Index 0, Is Virtual User: 0
[2025.10.18-07.55.29:097][  0]LogD3D11RHI: Loaded GFSDK_Aftermath_Lib.x64.dll
[2025.10.18-07.55.29:100][  0]LogHMD: Failed to initialize OpenVR with code 110
[2025.10.18-07.55.29:100][  0]LogD3D11RHI: D3D11 min allowed feature level: 11_0
[2025.10.18-07.55.29:100][  0]LogD3D11RHI: D3D11 max allowed feature level: 11_0
[2025.10.18-07.55.29:100][  0]LogD3D11RHI: D3D11 adapters:
[2025.10.18-07.55.29:289][  0]LogD3D11RHI:    0. 'NVIDIA GeForce GTX 1660' (Feature Level 11_0)
[2025.10.18-07.55.29:289][  0]LogD3D11RHI:       5966/0/16289 MB DedicatedVideo/DedicatedSystem/SharedSystem, Outputs:1, VendorId:0x10de
[2025.10.18-07.55.29:291][  0]LogD3D11RHI:    1. 'Microsoft Basic Render Driver' (Feature Level 11_0)
[2025.10.18-07.55.29:291][  0]LogD3D11RHI:       0/0/16289 MB DedicatedVideo/DedicatedSystem/SharedSystem, Outputs:0, VendorId:0x1414
[2025.10.18-07.55.29:430][  0]LogD3D11RHI:    2. 'NVIDIA GeForce GTX 1660' (Feature Level 11_0)
[2025.10.18-07.55.29:430][  0]LogD3D11RHI:       5966/0/16289 MB DedicatedVideo/DedicatedSystem/SharedSystem, Outputs:0, VendorId:0x10de
[2025.10.18-07.55.29:430][  0]LogD3D11RHI: Chosen D3D11 Adapter:
[2025.10.18-07.55.29:430][  0]LogD3D11RHI:     Description : NVIDIA GeForce GTX 1660
[2025.10.18-07.55.29:430][  0]LogD3D11RHI:     VendorId    : 10de
[2025.10.18-07.55.29:430][  0]LogD3D11RHI:     DeviceId    : 2184
[2025.10.18-07.55.29:430][  0]LogD3D11RHI:     SubSysId    : 155119da
[2025.10.18-07.55.29:430][  0]LogD3D11RHI:     Revision    : 00a1
[2025.10.18-07.55.29:430][  0]LogD3D11RHI:     DedicatedVideoMemory : 6255804416 bytes
[2025.10.18-07.55.29:430][  0]LogD3D11RHI:     DedicatedSystemMemory : 0 bytes
[2025.10.18-07.55.29:430][  0]LogD3D11RHI:     SharedSystemMemory : 17080262656 bytes
[2025.10.18-07.55.29:430][  0]LogD3D11RHI:     AdapterLuid : 0 62190
[2025.10.18-07.55.29:434][  0]LogD3D11RHI: Creating new Direct3DDevice
[2025.10.18-07.55.29:434][  0]LogD3D11RHI:     GPU DeviceId: 0x2184 (for the marketing name, search the web for "GPU Device Id")
[2025.10.18-07.55.29:434][  0]LogWindows: EnumDisplayDevices:
[2025.10.18-07.55.29:434][  0]LogWindows:    0. 'NVIDIA GeForce GTX 1660' (P:1 D:1)
[2025.10.18-07.55.29:435][  0]LogWindows:    1. 'NVIDIA GeForce GTX 1660' (P:0 D:0)
[2025.10.18-07.55.29:435][  0]LogWindows:    2. 'NVIDIA GeForce GTX 1660' (P:0 D:0)
[2025.10.18-07.55.29:435][  0]LogWindows:    3. 'NVIDIA GeForce GTX 1660' (P:0 D:0)
[2025.10.18-07.55.29:435][  0]LogWindows:    4. 'OrayIddDriver Device' (P:0 D:0)
[2025.10.18-07.55.29:436][  0]LogWindows:    5. 'OrayIddDriver Device' (P:0 D:0)
[2025.10.18-07.55.29:436][  0]LogWindows:    6. 'OrayIddDriver Device' (P:0 D:0)
[2025.10.18-07.55.29:436][  0]LogWindows:    7. 'OrayIddDriver Device' (P:0 D:0)
[2025.10.18-07.55.29:436][  0]LogWindows:    8. 'OrayIddDriver Device' (P:0 D:0)
[2025.10.18-07.55.29:436][  0]LogWindows:    9. 'OrayIddDriver Device' (P:0 D:0)
[2025.10.18-07.55.29:437][  0]LogWindows:    10. 'OrayIddDriver Device' (P:0 D:0)
[2025.10.18-07.55.29:437][  0]LogWindows:    11. 'OrayIddDriver Device' (P:0 D:0)
[2025.10.18-07.55.29:437][  0]LogWindows:    12. 'OrayIddDriver Device' (P:0 D:0)
[2025.10.18-07.55.29:437][  0]LogWindows:    13. 'OrayIddDriver Device' (P:0 D:0)
[2025.10.18-07.55.29:437][  0]LogWindows: DebugString: GetVideoDriverDetailsInvalid PrimaryIsNotTheChoosenAdapter GetVideoDriverDetailsInvalid PrimaryIsNotTheChoosenAdapter GetVideoDriverDetailsInvalid PrimaryIsNotTheChoosenAdapter GetVideoDriverDetailsInvalid PrimaryIsNotTheChoosenAdapter GetVideoDriverDetailsInvalid PrimaryIsNotTheChoosenAdapter GetVideoDriverDetailsInvalid PrimaryIsNotTheChoosenAdapter GetVideoDriverDetailsInvalid PrimaryIsNotTheChoosenAdapter GetVideoDriverDetailsInvalid PrimaryIsNotTheChoosenAdapter GetVideoDriverDetailsInvalid PrimaryIsNotTheChoosenAdapter GetVideoDriverDetailsInvalid PrimaryIsNotTheChoosenAdapter FoundDriverCount:4 
[2025.10.18-07.55.29:437][  0]LogD3D11RHI:     Adapter Name: NVIDIA GeForce GTX 1660
[2025.10.18-07.55.29:437][  0]LogD3D11RHI:   Driver Version: 576.88 (internal:32.0.15.7688, unified:576.88)
[2025.10.18-07.55.29:437][  0]LogD3D11RHI:      Driver Date: 6-24-2025
[2025.10.18-07.55.29:437][  0]LogRHI: Texture pool is 4176 MB (70% of 5966 MB)
[2025.10.18-07.55.29:438][  0]LogD3D11RHI: Creating D3DDevice using adapter:
[2025.10.18-07.55.29:438][  0]LogD3D11RHI:     Description : NVIDIA GeForce GTX 1660
[2025.10.18-07.55.29:438][  0]LogD3D11RHI:     VendorId    : 10de
[2025.10.18-07.55.29:438][  0]LogD3D11RHI:     DeviceId    : 2184
[2025.10.18-07.55.29:438][  0]LogD3D11RHI:     SubSysId    : 155119da
[2025.10.18-07.55.29:438][  0]LogD3D11RHI:     Revision    : 00a1
[2025.10.18-07.55.29:438][  0]LogD3D11RHI:     DedicatedVideoMemory : 6255804416 bytes
[2025.10.18-07.55.29:438][  0]LogD3D11RHI:     DedicatedSystemMemory : 0 bytes
[2025.10.18-07.55.29:438][  0]LogD3D11RHI:     SharedSystemMemory : 17080262656 bytes
[2025.10.18-07.55.29:438][  0]LogD3D11RHI:     AdapterLuid : 0 62190
[2025.10.18-07.55.29:552][  0]LogD3D11RHI: RHI has support for 64 bit atomics
[2025.10.18-07.55.29:552][  0]LogD3D11RHI: Async texture creation enabled
[2025.10.18-07.55.29:552][  0]LogD3D11RHI: Array index from any shader is supported
[2025.10.18-07.55.29:563][  0]LogD3D11RHI: GPU Timing Frequency: 1000.000000 (Debug: 2 1)
[2025.10.18-07.55.29:595][  0]LogRHI: GeForceNow SDK initialized: 1
[2025.10.18-07.55.29:851][  0]LogTargetPlatformManager: Display: Loaded TargetPlatform 'AllDesktop'
[2025.10.18-07.55.29:867][  0]LogTargetPlatformManager: Display: Loaded TargetPlatform 'Android'
[2025.10.18-07.55.29:867][  0]LogTargetPlatformManager: Display: Loaded TargetPlatform 'Android_ASTC'
[2025.10.18-07.55.29:867][  0]LogTargetPlatformManager: Display: Loaded TargetPlatform 'Android_DXT'
[2025.10.18-07.55.29:867][  0]LogTargetPlatformManager: Display: Loaded TargetPlatform 'Android_ETC2'
[2025.10.18-07.55.29:867][  0]LogTargetPlatformManager: Display: Loaded TargetPlatform 'AndroidClient'
[2025.10.18-07.55.29:867][  0]LogTargetPlatformManager: Display: Loaded TargetPlatform 'Android_ASTCClient'
[2025.10.18-07.55.29:867][  0]LogTargetPlatformManager: Display: Loaded TargetPlatform 'Android_DXTClient'
[2025.10.18-07.55.29:867][  0]LogTargetPlatformManager: Display: Loaded TargetPlatform 'Android_ETC2Client'
[2025.10.18-07.55.29:867][  0]LogTargetPlatformManager: Display: Loaded TargetPlatform 'Android_Multi'
[2025.10.18-07.55.29:867][  0]LogTargetPlatformManager: Display: Loaded TargetPlatform 'Android_MultiClient'
[2025.10.18-07.55.29:882][  0]LogTargetPlatformManager: Display: Loaded TargetPlatform 'IOSClient'
[2025.10.18-07.55.29:882][  0]LogTargetPlatformManager: Display: Loaded TargetPlatform 'IOS'
[2025.10.18-07.55.29:888][  0]LogTargetPlatformManager: Display: Loaded TargetPlatform 'Linux'
[2025.10.18-07.55.29:892][  0]LogTargetPlatformManager: Display: Loaded TargetPlatform 'LinuxNoEditor'
[2025.10.18-07.55.29:895][  0]LogTargetPlatformManager: Display: Loaded TargetPlatform 'LinuxClient'
[2025.10.18-07.55.29:898][  0]LogTargetPlatformManager: Display: Loaded TargetPlatform 'LinuxServer'
[2025.10.18-07.55.29:905][  0]LogTargetPlatformManager: Display: Loaded TargetPlatform 'LinuxAArch64NoEditor'
[2025.10.18-07.55.29:908][  0]LogTargetPlatformManager: Display: Loaded TargetPlatform 'LinuxAArch64Client'
[2025.10.18-07.55.29:912][  0]LogTargetPlatformManager: Display: Loaded TargetPlatform 'LinuxAArch64Server'
[2025.10.18-07.55.29:927][  0]LogTargetPlatformManager: Display: Loaded TargetPlatform 'Lumin'
[2025.10.18-07.55.29:927][  0]LogTargetPlatformManager: Display: Loaded TargetPlatform 'LuminClient'
[2025.10.18-07.55.29:933][  0]LogTargetPlatformManager: Display: Loaded TargetPlatform 'MacNoEditor'
[2025.10.18-07.55.29:936][  0]LogTargetPlatformManager: Display: Loaded TargetPlatform 'Mac'
[2025.10.18-07.55.29:939][  0]LogTargetPlatformManager: Display: Loaded TargetPlatform 'MacClient'
[2025.10.18-07.55.29:942][  0]LogTargetPlatformManager: Display: Loaded TargetPlatform 'MacServer'
[2025.10.18-07.55.29:949][  0]LogTargetPlatformManager: Display: Loaded TargetPlatform 'TVOSClient'
[2025.10.18-07.55.29:949][  0]LogTargetPlatformManager: Display: Loaded TargetPlatform 'TVOS'
[2025.10.18-07.55.29:955][  0]LogTargetPlatformManager: Display: Loaded TargetPlatform 'WindowsNoEditor'
[2025.10.18-07.55.29:958][  0]LogTargetPlatformManager: Display: Loaded TargetPlatform 'Windows'
[2025.10.18-07.55.29:962][  0]LogTargetPlatformManager: Display: Loaded TargetPlatform 'WindowsClient'
[2025.10.18-07.55.29:966][  0]LogTargetPlatformManager: Display: Loaded TargetPlatform 'WindowsServer'
[2025.10.18-07.55.29:966][  0]LogTargetPlatformManager: Display: Building Assets For Windows
[2025.10.18-07.55.29:972][  0]LogAudioDebug: Display: Lib vorbis DLL was dynamically loaded.
[2025.10.18-07.55.29:998][  0]LogTextureFormatOodle: Display: Oodle Texture 2.9.0 init RDO Off
[2025.10.18-07.55.30:026][  0]LogRendererCore: Ray tracing is disabled. Reason: r.RayTracing=0.
[2025.10.18-07.55.30:026][  0]LogShaderCompilers: Guid format shader working directory is -4 characters bigger than the processId version (../../../../上传官网2/sdjqr-zj1/Robotic Vacuum Cleaner ZJVol1/Intermediate/Shaders/WorkingDirectory/25376/).
[2025.10.18-07.55.30:026][  0]LogShaderCompilers: Cleaned the shader compiler working directory 'C:/Users/Administrator/AppData/Local/Temp/UnrealShaderWorkingDir/23F6E3FA4596F655B1E58AB6D0EF0828/'.
[2025.10.18-07.55.30:026][  0]LogXGEController: Cannot use XGE Controller as Incredibuild is not installed on this machine.
[2025.10.18-07.55.30:026][  0]LogShaderCompilers: Cannot use XGE Shader Compiler as Incredibuild is not installed on this machine.
[2025.10.18-07.55.30:026][  0]LogShaderCompilers: Display: Using Local Shader Compiler.
[2025.10.18-07.55.30:611][  0]LogDerivedDataCache: Display: Max Cache Size: 512 MB
[2025.10.18-07.55.30:660][  0]LogDerivedDataCache: Loaded boot cache 0.05s 113MB C:/Users/Administrator/AppData/Local/UnrealEngine/4.27/DerivedDataCache/Boot.ddc.
[2025.10.18-07.55.30:660][  0]LogDerivedDataCache: Display: Loaded Boot cache: C:/Users/Administrator/AppData/Local/UnrealEngine/4.27/DerivedDataCache/Boot.ddc
[2025.10.18-07.55.30:660][  0]LogDerivedDataCache: FDerivedDataBackendGraph:  Pak pak cache file ../../../../上传官网2/sdjqr-zj1/Robotic Vacuum Cleaner ZJVol1/DerivedDataCache/DDC.ddp not found, will not use a pak cache.
[2025.10.18-07.55.30:660][  0]LogDerivedDataCache: Unable to find inner node Pak for hierarchical cache Hierarchy.
[2025.10.18-07.55.30:660][  0]LogDerivedDataCache: FDerivedDataBackendGraph:  CompressedPak pak cache file ../../../../上传官网2/sdjqr-zj1/Robotic Vacuum Cleaner ZJVol1/DerivedDataCache/Compressed.ddp not found, will not use a pak cache.
[2025.10.18-07.55.30:660][  0]LogDerivedDataCache: Unable to find inner node CompressedPak for hierarchical cache Hierarchy.
[2025.10.18-07.55.30:674][  0]LogDerivedDataCache: Display: Pak cache opened for reading ../../../Engine/DerivedDataCache/Compressed.ddp.
[2025.10.18-07.55.30:674][  0]LogDerivedDataCache: FDerivedDataBackendGraph:  EnterprisePak pak cache file ../../../Enterprise/DerivedDataCache/Compressed.ddp not found, will not use a pak cache.
[2025.10.18-07.55.30:674][  0]LogDerivedDataCache: Unable to find inner node EnterprisePak for hierarchical cache Hierarchy.
[2025.10.18-07.55.30:680][  0]LogDerivedDataCache: Speed tests for C:/Users/Administrator/AppData/Local/UnrealEngine/Common/DerivedDataCache took 0.01 seconds
[2025.10.18-07.55.30:680][  0]LogDerivedDataCache: Display: Performance to C:/Users/Administrator/AppData/Local/UnrealEngine/Common/DerivedDataCache: Latency=0.05ms. RandomReadSpeed=1378.95MBs, RandomWriteSpeed=202.12MBs. Assigned SpeedClass 'Local'
[2025.10.18-07.55.30:681][  0]LogDerivedDataCache: Using Local data cache path C:/Users/Administrator/AppData/Local/UnrealEngine/Common/DerivedDataCache: Writable
[2025.10.18-07.55.30:681][  0]LogDerivedDataCache: Shared data cache path not found in *engine.ini, will not use an Shared cache.
[2025.10.18-07.55.30:681][  0]LogDerivedDataCache: Unable to find inner node Shared for hierarchical cache Hierarchy.
[2025.10.18-07.55.30:712][  0]LogSlate: Using FreeType 2.10.0
[2025.10.18-07.55.30:713][  0]LogSlate: SlateFontServices - WITH_FREETYPE: 1, WITH_HARFBUZZ: 1
[2025.10.18-07.55.30:734][  0]LogAssetRegistry: FAssetRegistry took 0.0022 seconds to start up
[2025.10.18-07.55.30:883][  0]LogInit: Selected Device Profile: [Windows]
[2025.10.18-07.55.30:883][  0]LogInit: Active device profile: [000001E7DBC11400][000001E7D8F6D940 49] Windows
[2025.10.18-07.55.30:883][  0]LogInit: Profiles: [000001E7DBC11400][000001E7D8F6D940 49] Windows, [000001E7DBBAF100][000001E7DB373AC0 49] WindowsNoEditor, [000001E7DBC11100][000001E7DB3760C0 49] WindowsServer, [000001E7DBBAD100][000001E7DB37A240 49] WindowsClient, [000001E7DBC12500][000001E7D8B263C0 49] IOS, [000001E7DBC11200][000001E7D8B2A540 49] iPadAir, [000001E7DBB99B00][000001E7D8B2E6C0 49] iPadAir2, [000001E7DBB58700][000001E7D8B32900 49] IPadPro, [000001E7DBB58800][000001E7C9BCA940 49] iPadAir3, [000001E7DBB98100][000001E7DC390A80 49] iPadAir4, [000001E7DBB58300][000001E7DC394BC0 49] iPadMini2, [000001E7DBB9B200][000001E7DC39CD40 49] iPadMini3, [000001E7DBB5B100][000001E7DC3A0EC0 49] iPadMini4, [000001E7DBB9BE00][000001E7DC3A5040 49] iPadMini5, [000001E7DBB47F00][000001E7DC3AD300 49] iPhone6, [000001E7DBB47E00][000001E7DC3A9340 49] iPodTouch6, [000001E7DBBADF00][000001E7DC3B5600 49] iPhone7, [000001E7DBBADE00][000001E7DC3B1640 49] iPodTouch7, [000001E7DBB44500][000001E7DC3B97C0 49] iPhone5S, [000001E7DBBAD800][000001E7DC3BD940 49] iPhone6Plus, [000001E7DBB45600][000001E7DC3C1AC0 49] iPhone6S, [000001E7DBBAE800][000001E7DC3C40C0 49] iPhone6SPlus, [000001E7DBB46300][000001E7DC3C8240 49] iPhone7Plus, [000001E7DBBAC300][000001E7DC3CC3C0 49] iPhoneSE, [000001E7DBB44100][000001E7DC3D0540 49] iPhone8, [000001E7DBBAEA00][000001E7DC3D46C0 49] iPhone8Plus, [000001E7DBB47100][000001E7DC3D8840 49] iPhoneX, [000001E7DBBAD300][000001E7DC398980 49] iPhoneXS, [000001E7DBB45200][000001E7DC3DCAC0 49] iPhoneXSMax, [000001E7DBBAFA00][000001E7DC3E0C00 49] iPhoneXR, [000001E7DBB44A00][000001E7DC3E4D40 49] iPhone11, [000001E7DBBAE300][000001E7DC3ECEC0 49] iPhone11Pro, [000001E7DBB46B00][000001E7DC3F1040 49] iPhone11ProMax, [000001E7DBBADA00][000001E7DC3F91C0 49] iPhoneSE2, [000001E7DBB47B00][000001E7DC46D340 49] iPhone12Mini, [000001E7DBBAE400][000001E7DC4714C0 49] iPhone12, [000001E7DBB45000][000001E7DC4FB640 49] iPhone12Pro, [000001E7DBBACC00][000001E7D21F97C0 49] iPhone12ProMax, [000001E7DBB46F00][000001E7D224D940 49] iPadPro105, [000001E7DBBAD400][000001E7D2251AC0 49] iPadPro129, [000001E7DBB44700][000001E7D22540C0 49] iPadPro97, [000001E7DBBAC500][000001E7D2258240 49] iPadPro2_129, [000001E7DBB45E00][000001E7D22603C0 49] iPad5, [000001E7DBBAC400][000001E7D2268540 49] iPad6, [000001E7DBB46700][000001E7D8C8A6C0 49] iPad7, [000001E7DBBAFD00][000001E7D8C8E840 49] iPad8, [000001E7DBB44E00][000001E7D8CB89C0 49] iPadPro11, [000001E7DBBAE500][000001E7D8CBCB40 49] iPadPro2_11, [000001E7DBB45400][000001E7DC3E8C80 49] iPadPro3_129, [000001E7DBBAE900][000001E7D8CC8DC0 49] iPadPro4_129, [000001E7DBB45D00][000001E7DC77CF00 49] AppleTV, [000001E7DBBAF400][000001E7D8CD5080 49] AppleTV4K, [000001E7DBB46A00][000001E7D8D13200 49] TVOS, [000001E7DBBAEC00][000001E7D8D17380 49] Mac, [000001E7DBB46D00][000001E7DC451500 49] MacClient, [000001E7DBBAF500][000001E7DC455680 49] MacNoEditor, [000001E7DBB47700][000001E7DC4E3800 49] MacServer, [000001E7DBBAC600][000001E7DC4E7980 49] Linux, [000001E7DBB44C00][000001E7DC4EBB00 49] LinuxAArch64, [000001E7DBBAD200][000001E7D8CC4100 49] LinuxNoEditor, [000001E7DBB47D00][000001E7DC4EE280 49] LinuxAArch64NoEditor, [000001E7DBBACD00][000001E7DC458400 49] LinuxClient, [000001E7DBB45900][000001E7DC45C580 49] LinuxAArch64Client, [000001E7DBBAF000][000001E7DC464700 49] LinuxServer, [000001E7DBB46000][000001E7DC468880 49] LinuxAArch64Server, [000001E7DBBAC200][000001E7D1960A00 49] Android, [000001E7DBB45100][000001E7D1970B80 49] Android_Low, [000001E7DBB98500][000001E7D1974D00 49] Android_Mid, [000001E7DBC12100][000001E7DC78AE40 49] Android_High, [000001E7DBB9BB00][000001E7D7B9AF80 49] Android_Default, [000001E7DBC10E00][000001E7D7BA70C0 49] Android_Adreno4xx, [000001E7DBB98200][000001E7DC6F3240 49] Android_Adreno5xx_Low, [000001E7DBC10700][000001E7DC6F73C0 49] Android_Adreno5xx, [000001E7DBB9B800][000001E7DC705540 49] Android_Adreno6xx, [000001E7DBC12C00][000001E7DC7096C0 49] Android_Adreno6xx_Vulkan, [000001E7DBB9B000][000001E7DC70D840 49] Android_Mali_T6xx, [000001E7DBC12200][000001E7DC7119C0 49] Android_Mali_T7xx, [000001E7DBB98F00][000001E7D7BABB40 49] Android_Mali_T8xx, [000001E7DBC13E00][000001E7D7BAE140 49] Android_Mali_G71, [000001E7DBB9A900][000001E7D7BB22C0 49] Android_Mali_G72, [000001E7DBC10900][000001E7D7BB6440 49] Android_Mali_G72_Vulkan, [000001E7DBB99500][000001E7D7BBA5C0 49] Android_Mali_G76, [000001E7DBC11B00][000001E7D7BBE740 49] Android_Mali_G76_Vulkan, [000001E7DBB9A800][000001E7D7BC28C0 49] Android_Mali_G77, [000001E7DBC10F00][000001E7D7BC6A40 49] Android_Mali_G77_Vulkan, [000001E7DBB9A500][000001E7D7BCABC0 49] Android_Mali_G78, [000001E7DBC12B00][000001E7D7BD2D40 49] Android_Mali_G78_Vulkan, [000001E7DBB99300][000001E7DC43CEC0 49] Android_Mali_G710, [000001E7DBC11300][000001E7DC6EF000 49] Android_Mali_G710_Vulkan, [000001E7DBB9BA00][000001E7DC445140 49] Android_Vulkan_SM5, [000001E7DBC13300][000001E7DC449280 49] Android_PowerVR_G6xxx, [000001E7DBB9A400][000001E7DC44D3C0 49] Android_PowerVR_GT7xxx, [000001E7DBC13B00][000001E7D8D1F540 49] Android_PowerVR_GE8xxx, [000001E7DBB99E00][000001E7D8D236C0 49] Android_PowerVR_GM9xxx, [000001E7DBB47500][000001E7D8D33840 49] Android_PowerVR_GM9xxx_Vulkan, [000001E7DBB99F00][000001E7D8D379C0 49] Android_TegraK1, [000001E7DBB45700][000001E7DD391B40 49] Android_Unknown_Vulkan, [000001E7DBB98A00][000001E7DC440140 49] Lumin, [000001E7DBB44600][000001E7D7BCE2C0 49] Lumin_Desktop, [000001E7DBB9B500][000001E7DD394440 49] HoloLens, 
[2025.10.18-07.55.30:976][  0]LogMeshReduction: Using QuadricMeshReduction for automatic static mesh reduction
[2025.10.18-07.55.30:976][  0]LogMeshReduction: Using SimplygonMeshReduction for automatic skeletal mesh reduction
[2025.10.18-07.55.30:976][  0]LogMeshReduction: Using ProxyLODMeshReduction for automatic mesh merging
[2025.10.18-07.55.30:976][  0]LogMeshReduction: No distributed automatic mesh merging module available
[2025.10.18-07.55.30:976][  0]LogMeshMerging: No distributed automatic mesh merging module available
[2025.10.18-07.55.30:987][  0]LogNetVersion: RoboticVacuumCleaner 1.0.0, NetCL: 17155196, EngineNetVer: 17, GameNetVer: 0 (Checksum: 3535503164)
[2025.10.18-07.55.31:272][  0]LogTexture: Default maximum texture size for cubemaps generated from long-lat sources has been changed from 512 to unlimited. In order to preserve old behaiour for '/Engine/MapTemplates/Sky/DaylightAmbientCubemap.DaylightAmbientCubemap', its maximum texture size has been explicitly set to 512.
[2025.10.18-07.55.31:317][  0]LogHMD: PokeAHoleMaterial loaded successfully
[2025.10.18-07.55.31:321][  0]LogUObjectArray: 17178 objects as part of root set at end of initial load.
[2025.10.18-07.55.31:321][  0]LogUObjectAllocator: 4302048 out of 0 bytes used by permanent object pool.
[2025.10.18-07.55.31:321][  0]LogUObjectArray: CloseDisregardForGC: 0/0 objects in disregard for GC pool
[2025.10.18-07.55.31:445][  0]LogPython: Using Python 3.7.7
[2025.10.18-07.55.31:857][  0]LogTcpMessaging: Initializing TcpMessaging bridge
[2025.10.18-07.55.31:861][  0]LogUdpMessaging: Initializing bridge on interface 0.0.0.0:0 to multicast group 230.0.0.1:6666.
[2025.10.18-07.55.31:990][  0]LogNiagaraDebuggerClient: Niagara Debugger Client Initialized | Session: 22B7C44F43E23941FD5283A17C332964 | Instance: A624495A48CFB055249C43821E9A3E9B (NEW-25376).
[2025.10.18-07.55.32:106][  0]SourceControl: 源码管理已禁用
[2025.10.18-07.55.32:106][  0]SourceControl: 源码管理已禁用
[2025.10.18-07.55.32:108][  0]SourceControl: 源码管理已禁用
[2025.10.18-07.55.32:111][  0]SourceControl: 源码管理已禁用
[2025.10.18-07.55.32:119][  0]SourceControl: 源码管理已禁用
[2025.10.18-07.55.32:124][  0]LogUProjectInfo: Found projects:
[2025.10.18-07.55.32:130][  0]LogVSAccessor: Display: Unable to create Visual Studio setup instance: 80040154
[2025.10.18-07.55.32:130][  0]LogVSAccessor: Display: Unable to create Visual Studio setup instance: 80040154
[2025.10.18-07.55.32:130][  0]LogVSAccessor: Display: Unable to create Visual Studio setup instance: 80040154
[2025.10.18-07.55.32:244][  0]LogOpenImageDenoise: OIDN starting up
[2025.10.18-07.55.32:318][  0]LogAndroidPermission: UAndroidPermissionCallbackProxy::GetInstance
[2025.10.18-07.55.32:336][  0]LogAudioCaptureCore: Display: No Audio Capture implementations found. Audio input will be silent.
[2025.10.18-07.55.32:336][  0]LogAudioCaptureCore: Display: No Audio Capture implementations found. Audio input will be silent.
[2025.10.18-07.55.32:436][  0]LogCollectionManager: Loaded 0 collections in 0.000459 seconds
[2025.10.18-07.55.32:454][  0]LogFileCache: Scanning file cache for directory 'D:/上传官网2/sdjqr-zj1/Robotic Vacuum Cleaner ZJVol1/Saved/Collections/' took 0.00s
[2025.10.18-07.55.32:454][  0]LogFileCache: Scanning file cache for directory 'D:/上传官网2/sdjqr-zj1/Robotic Vacuum Cleaner ZJVol1/Content/Developers/Administrator/Collections/' took 0.00s
[2025.10.18-07.55.32:454][  0]LogFileCache: Scanning file cache for directory 'D:/上传官网2/sdjqr-zj1/Robotic Vacuum Cleaner ZJVol1/Content/Collections/' took 0.00s
[2025.10.18-07.55.32:454][  0]LogOcInput: OculusInput pre-init called
[2025.10.18-07.55.32:648][  0]LogEngine: Initializing Engine...
[2025.10.18-07.55.32:650][  0]LogHMD: Failed to enumerate extensions. Please check that you have a valid OpenXR runtime installed.
[2025.10.18-07.55.32:651][  0]LogHMD: Failed to initialize OpenVR with code 110
[2025.10.18-07.55.32:651][  0]LogMagicLeap: Warning: VR disabled because ZI is not enabled.  To enable, in the editor, Edit -> Project Settings -> Plugins -> Magic Leap Plugin -> Enable Zero Iteration
[2025.10.18-07.55.32:652][  0]LogStats: UGameplayTagsManager::InitializeManager -  0.000 s
[2025.10.18-07.55.32:749][  0]LogInit: Initializing FReadOnlyCVARCache
[2025.10.18-07.55.32:755][  0]LogAIModule: Creating AISystem for world Untitled
[2025.10.18-07.55.32:755][  0]LogAudio: Display: Initializing Audio Device Manager...
[2025.10.18-07.55.32:758][  0]LogAudio: Display: Loading Default Audio Settings Objects...
[2025.10.18-07.55.32:758][  0]LogAudio: Display: No default SoundConcurrencyObject specified (or failed to load).
[2025.10.18-07.55.32:758][  0]LogAudio: Display: Audio Device Manager Initialized
[2025.10.18-07.55.32:758][  0]LogAudio: Display: Creating Audio Device:                 Id: 1, Scope: Shared, Realtime: True
[2025.10.18-07.55.32:759][  0]LogAudioMixer: Display: Audio Mixer Platform Settings:
[2025.10.18-07.55.32:759][  0]LogAudioMixer: Display: 	Sample Rate:						  48000
[2025.10.18-07.55.32:759][  0]LogAudioMixer: Display: 	Callback Buffer Frame Size Requested: 1024
[2025.10.18-07.55.32:759][  0]LogAudioMixer: Display: 	Callback Buffer Frame Size To Use:	  1024
[2025.10.18-07.55.32:759][  0]LogAudioMixer: Display: 	Number of buffers to queue:			  2
[2025.10.18-07.55.32:759][  0]LogAudioMixer: Display: 	Max Channels (voices):				  32
[2025.10.18-07.55.32:759][  0]LogAudioMixer: Display: 	Number of Async Source Workers:		  0
[2025.10.18-07.55.32:759][  0]LogAudio: Display: AudioDevice MaxSources: 32
[2025.10.18-07.55.32:759][  0]LogAudio: Display: Audio Spatialization Plugin: None (built-in).
[2025.10.18-07.55.32:759][  0]LogAudio: Display: Audio Reverb Plugin: None (built-in).
[2025.10.18-07.55.32:759][  0]LogAudio: Display: Audio Occlusion Plugin: None (built-in).
[2025.10.18-07.55.32:759][  0]LogAudioMixer: Display: Initializing audio mixer.
[2025.10.18-07.55.32:768][  0]LogAudioMixer: Display: 0: FrontLeft
[2025.10.18-07.55.32:768][  0]LogAudioMixer: Display: 1: FrontRight
[2025.10.18-07.55.32:855][  0]LogAudioMixer: Display: Using Audio Device DELL E1914H (NVIDIA High Definition Audio)
[2025.10.18-07.55.32:857][  0]LogAudioMixer: Display: Initializing Sound Submixes...
[2025.10.18-07.55.32:859][  0]LogAudioMixer: Display: Creating Master Submix 'MasterSubmixDefault'
[2025.10.18-07.55.32:859][  0]LogAudioMixer: Display: Creating Master Submix 'MasterReverbSubmixDefault'
[2025.10.18-07.55.32:860][  0]LogAudioMixer: Display: Creating Master Submix 'MasterEQSubmixDefault'
[2025.10.18-07.55.32:860][  0]LogAudioMixer: FMixerPlatformXAudio2::StartAudioStream() called
[2025.10.18-07.55.32:860][  0]LogAudioMixer: Display: Output buffers initialized: Frames=1024, Channels=2, Samples=2048
[2025.10.18-07.55.32:861][  0]LogAudioMixer: Display: Starting AudioMixerPlatformInterface::RunInternal()
[2025.10.18-07.55.32:861][  0]LogAudioMixer: Display: FMixerPlatformXAudio2::SubmitBuffer() called for the first time
[2025.10.18-07.55.32:861][  0]LogInit: FAudioDevice initialized.
[2025.10.18-07.55.32:861][  0]LogAudio: Display: Audio Device (ID: 1) registered with world 'Untitled'.
[2025.10.18-07.55.32:861][  0]LogNetVersion: Set ProjectVersion to 1.0.0.0. Version Checksum will be recalculated on next use.
[2025.10.18-07.55.32:937][  0]LogDerivedDataCache: Saved boot cache 0.08s 111MB C:/Users/Administrator/AppData/Local/UnrealEngine/4.27/DerivedDataCache/Boot.ddc.
[2025.10.18-07.55.32:937][  0]LogInit: Texture streaming: Enabled
[2025.10.18-07.55.32:946][  0]LogAnalytics: Display: [UEEditor.Rocket.Release] APIServer = https://datarouter.ol.epicgames.com/. AppVersion = 4.27.2-18319896+++UE4+Release-4.27
[2025.10.18-07.55.32:949][  0]LogEngineSessionManager: EngineSessionManager initialized
[2025.10.18-07.55.32:950][  0]LogEditorSessionSummary: Verbose: Initializing EditorSessionSummaryWriter for editor session tracking
[2025.10.18-07.55.32:951][  0]LogEditorSessionSummary: EditorSessionSummaryWriter initialized
[2025.10.18-07.55.32:970][  0]LogInit: Transaction tracking system initialized
[2025.10.18-07.55.32:986][  0]BlueprintLog: New page: 编辑器加载
[2025.10.18-07.55.33:037][  0]LocalizationService: 本地化服务已禁用
[2025.10.18-07.55.33:056][  0]TimingProfiler: Initialize
[2025.10.18-07.55.33:056][  0]TimingProfiler: OnSessionChanged
[2025.10.18-07.55.33:056][  0]LoadingProfiler: Initialize
[2025.10.18-07.55.33:056][  0]LoadingProfiler: OnSessionChanged
[2025.10.18-07.55.33:056][  0]NetworkingProfiler: Initialize
[2025.10.18-07.55.33:056][  0]NetworkingProfiler: OnSessionChanged
[2025.10.18-07.55.33:056][  0]MemoryProfiler: Initialize
[2025.10.18-07.55.33:056][  0]MemoryProfiler: OnSessionChanged
[2025.10.18-07.55.33:097][  0]LogVSAccessor: Display: Unable to create Visual Studio setup instance: 80040154
[2025.10.18-07.55.33:098][  0]LogVSAccessor: Display: Unable to create Visual Studio setup instance: 80040154
[2025.10.18-07.55.33:098][  0]LogVSAccessor: Display: Unable to create Visual Studio setup instance: 80040154
[2025.10.18-07.55.33:158][  0]LogCook: Display: CookSettings for Memory: MemoryMaxUsedVirtual 0MiB, MemoryMaxUsedPhysical 16384MiB, MemoryMinFreeVirtual 0MiB, MemoryMinFreePhysical 1024MiB
[2025.10.18-07.55.33:158][  0]LogCook: Display: Mobile HDR setting 1
[2025.10.18-07.55.33:305][  0]LogFileCache: Scanning file cache for directory 'D:/上传官网2/sdjqr-zj1/Robotic Vacuum Cleaner ZJVol1/Content/' took 0.00s
[2025.10.18-07.55.33:459][  0]LogInit: Display: Engine is initialized. Leaving FEngineLoop::Init()
[2025.10.18-07.55.33:462][  0]SourceControl: 源码管理已禁用
[2025.10.18-07.55.33:462][  0]LogUnrealEdMisc: Loading editor; pre map load, took 5.428
[2025.10.18-07.55.33:462][  0]Cmd: MAP LOAD FILE="../../../../上传官网2/sdjqr-zj1/Robotic Vacuum Cleaner ZJVol1/Content/Roboticvacuumcleaner/Map/model.umap" TEMPLATE=0 SHOWPROGRESS=1 FEATURELEVEL=3
[2025.10.18-07.55.33:464][  0]LightingResults: New page: 光照构建
[2025.10.18-07.55.33:465][  0]LogWorld: UWorld::CleanupWorld for Untitled, bSessionEnded=true, bCleanupResources=true
[2025.10.18-07.55.33:465][  0]LogSlate: InvalidateAllWidgets triggered.  All widgets were invalidated
[2025.10.18-07.55.33:465][  0]MapCheck: New page: 地图检测
[2025.10.18-07.55.33:465][  0]LightingResults: New page: 光照构建
[2025.10.18-07.55.33:468][  0]LogAudio: Display: Audio Device unregistered from world 'None'.
[2025.10.18-07.55.33:470][  0]LogUObjectHash: Compacting FUObjectHashTables data took   0.53ms
[2025.10.18-07.55.33:662][  0]LogTexture: Display: 正在编译纹理：T_sd010_2_2_Tex（OODLE_AutoDXT、512X1024）
[2025.10.18-07.55.33:662][  0]LogTextureFormatOodle: Display: non-RDO encode 512 x 1024 x 1 to format OODLE_AutoDXT (Oodle OodleTex_BC1_WithTransparency) lambda=0 effort=20 
[2025.10.18-07.55.33:662][  0]LogTexture: Display: 正在编译纹理：T_Roomba_27（OODLE_AutoDXT、1024X1024）
[2025.10.18-07.55.33:662][  0]LogTexture: Display: 正在编译纹理：T_Roomba_10（OODLE_AutoDXT、2048X2048）
[2025.10.18-07.55.33:662][  0]LogTexture: Display: 正在编译纹理：T_Roomba_11（OODLE_AutoDXT、2048X2048）
[2025.10.18-07.55.33:662][  0]LogTexture: Display: 正在编译纹理：T_Roomba_26（OODLE_AutoDXT、1024X1024）
[2025.10.18-07.55.33:662][  0]LogStaticMesh: 正在构建静态网格体SM_Curtain_02……
[2025.10.18-07.55.34:082][  0]LogTexture: Display: 正在编译纹理：T_Roomba_29（BGRA8、870X972）
[2025.10.18-07.55.34:082][  0]LogTexture: Display: 正在编译纹理：HQ_Lightmap0_1（BGRA8、1024X1024）
[2025.10.18-07.55.34:082][  0]LogTexture: Display: 正在编译纹理：T_Roomba_02（OODLE_AutoDXT、2048X2048）
[2025.10.18-07.55.34:082][  0]LogTexture: Display: 正在编译纹理：HQ_Lightmap0_5（BGRA8、128X128）
[2025.10.18-07.55.34:082][  0]LogTexture: Display: 正在编译纹理：T_Wood02_Normal（OODLE_BC5、768X1360）
[2025.10.18-07.55.34:082][  0]LogTexture: Display: 正在编译纹理：HQ_Lightmap1_4（BGRA8、1024X1024）
[2025.10.18-07.55.34:082][  0]LogTextureFormatOodle: Display: non-RDO encode 768 x 1360 x 1 to format OODLE_BC5 (Oodle OodleTex_BC5U) lambda=0 effort=20 
[2025.10.18-07.55.34:082][  0]LogTextureFormatOodle: Display: non-RDO encode 1024 x 1024 x 1 to format OODLE_AutoDXT (Oodle OodleTex_BC1_WithTransparency) lambda=0 effort=20 
[2025.10.18-07.55.34:082][  0]LogTexture: Display: 正在编译纹理：HQ_Lightmap0_2（BGRA8、1024X1024）
[2025.10.18-07.55.34:082][  0]LogTextureFormatOodle: Display: non-RDO encode 1024 x 1024 x 1 to format OODLE_AutoDXT (Oodle OodleTex_BC1_WithTransparency) lambda=0 effort=20 
[2025.10.18-07.55.34:082][  0]LogTexture: Display: 正在编译纹理：T_Roomba_18（OODLE_AutoDXT、4096X4096）
[2025.10.18-07.55.34:082][  0]LogTexture: Display: 正在编译纹理：HQ_Lightmap0_3（BGRA8、1024X1024）
[2025.10.18-07.55.34:082][  0]LogTexture: Display: 正在编译纹理：LQ_Lightmap_0_1（BGRA8、1024X1024）
[2025.10.18-07.55.34:082][  0]LogTexture: Display: 正在编译纹理：LQ_Lightmap_0_2（BGRA8、1024X1024）
[2025.10.18-07.55.34:082][  0]LogTexture: Display: 正在编译纹理：LQ_Lightmap_0_3（BGRA8、1024X1024）
[2025.10.18-07.55.34:082][  0]LogTexture: Display: 正在编译纹理：LQ_Lightmap_0_5（BGRA8、128X128）
[2025.10.18-07.55.34:082][  0]LogTexture: Display: 正在编译纹理：ShadowMapTexture2D_2（G8、1024X1024）
[2025.10.18-07.55.34:082][  0]LogTexture: Display: 正在编译纹理：LQ_Lightmap_1_4（BGRA8、1024X1024）
[2025.10.18-07.55.34:082][  0]LogTexture: Display: 正在编译纹理：ShadowMapTexture2D_3（G8、1024X512）
[2025.10.18-07.55.34:082][  0]LogTexture: Display: 正在编译纹理：NewReflectionComponentTextureD81F9BB042E1DE8F76AE74A3F221257E（BGRA8、128X128）
[2025.10.18-07.55.34:082][  0]LogTextureFormatOodle: Display: non-RDO encode 2048 x 2048 x 1 to format OODLE_AutoDXT (Oodle OodleTex_BC1_WithTransparency) lambda=0 effort=20 
[2025.10.18-07.55.34:082][  0]LogTextureFormatOodle: Display: non-RDO encode 1024 x 1024 x 1 to format OODLE_AutoDXT (Oodle OodleTex_BC1_WithTransparency) lambda=0 effort=20 
[2025.10.18-07.55.34:082][  0]LogStaticMesh: Built static mesh [0.42s] /Game/Roboticvacuumcleaner/Demo/Mesh/SM_Curtain_02.SM_Curtain_02
[2025.10.18-07.55.34:218][  0]LogStaticMesh: 正在构建静态网格体SM_socket001……
[2025.10.18-07.55.35:241][  0]LogTextureFormatOodle: Display: non-RDO encode 2048 x 2048 x 1 to format OODLE_AutoDXT (Oodle OodleTex_BC1_WithTransparency) lambda=0 effort=20 
[2025.10.18-07.55.35:242][  0]LogTextureFormatOodle: Display: non-RDO encode 1024 x 1024 x 1 to format OODLE_AutoDXT (Oodle OodleTex_BC1_WithTransparency) lambda=0 effort=20 
[2025.10.18-07.55.35:242][  0]LogTextureFormatOodle: Display: non-RDO encode 2048 x 2048 x 1 to format OODLE_AutoDXT (Oodle OodleTex_BC1_WithTransparency) lambda=0 effort=20 
[2025.10.18-07.55.35:242][  0]LogTextureFormatOodle: Display: non-RDO encode 4096 x 4096 x 1 to format OODLE_AutoDXT (Oodle OodleTex_BC1_WithTransparency) lambda=0 effort=20 
[2025.10.18-07.55.35:242][  0]LogTextureFormatOodle: Display: non-RDO encode 1024 x 1024 x 1 to format OODLE_AutoDXT (Oodle OodleTex_BC1_WithTransparency) lambda=0 effort=20 
[2025.10.18-07.55.35:242][  0]LogTextureFormatOodle: Display: non-RDO encode 2048 x 2048 x 1 to format OODLE_AutoDXT (Oodle OodleTex_BC1_WithTransparency) lambda=0 effort=20 
[2025.10.18-07.55.35:242][  0]LogTextureFormatOodle: Display: non-RDO encode 1024 x 1024 x 1 to format OODLE_AutoDXT (Oodle OodleTex_BC1_WithTransparency) lambda=0 effort=20 
[2025.10.18-07.55.50:744][  0]LogStaticMesh: Built static mesh [16.53s] /Game/Roboticvacuumcleaner/Mesh/SM_socket001.SM_socket001
[2025.10.18-07.55.50:810][  0]LogStaticMesh: 正在构建静态网格体SM_Roomba077……
[2025.10.18-07.55.58:213][  0]LogStaticMesh: Built static mesh [7.40s] /Game/Roboticvacuumcleaner/Mesh/SM_Roomba077.SM_Roomba077
[2025.10.18-07.55.58:400][  0]LogStaticMesh: 正在构建静态网格体SM_Roomba027……
[2025.10.18-07.56.07:406][  0]LogStaticMesh: Built static mesh [9.01s] /Game/Roboticvacuumcleaner/Mesh/SM_Roomba027.SM_Roomba027
[2025.10.18-07.56.07:715][  0]LogStaticMesh: 正在构建静态网格体SM_Roomba026……
[2025.10.18-07.56.12:351][  0]LogStaticMesh: Built static mesh [4.63s] /Game/Roboticvacuumcleaner/Mesh/SM_Roomba026.SM_Roomba026
[2025.10.18-07.56.12:415][  0]LogStaticMesh: 正在构建静态网格体SM_Roomba025……
[2025.10.18-07.56.45:560][  0]LogStaticMesh: Built static mesh [33.14s] /Game/Roboticvacuumcleaner/Mesh/SM_Roomba025.SM_Roomba025
[2025.10.18-07.56.46:496][  0]LogStaticMesh: 正在构建静态网格体SM_Roomba023……
[2025.10.18-07.56.51:309][  0]LogStaticMesh: Built static mesh [4.81s] /Game/Roboticvacuumcleaner/Mesh/SM_Roomba023.SM_Roomba023
[2025.10.18-07.56.51:373][  0]LogStaticMesh: 正在构建静态网格体SM_Roomba020……
[2025.10.18-07.56.59:245][  0]LogStaticMesh: Built static mesh [7.87s] /Game/Roboticvacuumcleaner/Mesh/SM_Roomba020.SM_Roomba020
[2025.10.18-07.56.59:441][  0]LogStaticMesh: 正在构建静态网格体SM_Roomba018……
[2025.10.18-07.57.00:373][  0]LogStaticMesh: Built static mesh [0.93s] /Game/Roboticvacuumcleaner/Mesh/SM_Roomba018.SM_Roomba018
[2025.10.18-07.57.00:395][  0]LogStaticMesh: 正在构建静态网格体SM_Roomba017……
[2025.10.18-07.57.33:191][  0]LogStaticMesh: Built static mesh [32.80s] /Game/Roboticvacuumcleaner/Mesh/SM_Roomba017.SM_Roomba017
[2025.10.18-07.57.33:395][  0]LogStaticMesh: 正在构建静态网格体SM_Roomba016……
[2025.10.18-07.57.50:636][  0]LogStaticMesh: Built static mesh [17.24s] /Game/Roboticvacuumcleaner/Mesh/SM_Roomba016.SM_Roomba016
[2025.10.18-07.57.50:870][  0]LogStaticMesh: 正在构建静态网格体SM_Roomba015……
[2025.10.18-07.57.52:072][  0]LogStaticMesh: Built static mesh [1.20s] /Game/Roboticvacuumcleaner/Mesh/SM_Roomba015.SM_Roomba015
[2025.10.18-07.57.52:114][  0]LogStaticMesh: 正在构建静态网格体SM_Roomba014……
[2025.10.18-07.57.59:173][  0]LogStaticMesh: Built static mesh [7.06s] /Game/Roboticvacuumcleaner/Mesh/SM_Roomba014.SM_Roomba014
[2025.10.18-07.57.59:389][  0]LogStaticMesh: 正在构建静态网格体SM_Roomba013……
[2025.10.18-07.58.04:052][  0]LogStaticMesh: Built static mesh [4.66s] /Game/Roboticvacuumcleaner/Mesh/SM_Roomba013.SM_Roomba013
[2025.10.18-07.58.04:183][  0]LogStaticMesh: 正在构建静态网格体SM_Roomba012……
[2025.10.18-07.58.13:935][  0]LogStaticMesh: Built static mesh [9.75s] /Game/Roboticvacuumcleaner/Mesh/SM_Roomba012.SM_Roomba012
[2025.10.18-07.58.14:313][  0]LogStaticMesh: 正在构建静态网格体SM_Roomba011……
[2025.10.18-07.58.18:371][  0]LogStaticMesh: Built static mesh [4.06s] /Game/Roboticvacuumcleaner/Mesh/SM_Roomba011.SM_Roomba011
[2025.10.18-07.58.18:432][  0]LogStaticMesh: 正在构建静态网格体SM_Roomba010……
[2025.10.18-07.58.27:721][  0]LogStaticMesh: Built static mesh [9.29s] /Game/Roboticvacuumcleaner/Mesh/SM_Roomba010.SM_Roomba010
[2025.10.18-07.58.28:089][  0]LogStaticMesh: 正在构建静态网格体SM_Roomba009……
[2025.10.18-07.58.39:994][  0]LogStaticMesh: Built static mesh [11.90s] /Game/Roboticvacuumcleaner/Mesh/SM_Roomba009.SM_Roomba009
[2025.10.18-07.58.40:228][  0]LogStaticMesh: 正在构建静态网格体SM_Roomba008……
[2025.10.18-07.58.49:204][  0]LogStaticMesh: Built static mesh [8.98s] /Game/Roboticvacuumcleaner/Mesh/SM_Roomba008.SM_Roomba008
[2025.10.18-07.58.49:581][  0]LogStaticMesh: 正在构建静态网格体SM_Roomba007……
[2025.10.18-07.59.04:576][  0]LogStaticMesh: Built static mesh [15.00s] /Game/Roboticvacuumcleaner/Mesh/SM_Roomba007.SM_Roomba007
[2025.10.18-07.59.04:796][  0]LogStaticMesh: 正在构建静态网格体SM_Roomba006……
[2025.10.18-07.59.12:392][  0]LogStaticMesh: Built static mesh [7.60s] /Game/Roboticvacuumcleaner/Mesh/SM_Roomba006.SM_Roomba006
[2025.10.18-07.59.12:691][  0]LogStaticMesh: 正在构建静态网格体SM_Roomba005……
[2025.10.18-07.59.22:755][  0]LogStaticMesh: Built static mesh [10.06s] /Game/Roboticvacuumcleaner/Mesh/SM_Roomba005.SM_Roomba005
[2025.10.18-07.59.23:054][  0]LogStaticMesh: 正在构建静态网格体SM_Roomba001……
[2025.10.18-07.59.27:672][  0]LogStaticMesh: Built static mesh [4.62s] /Game/Roboticvacuumcleaner/Mesh/SM_Roomba001.SM_Roomba001
[2025.10.18-07.59.27:798][  0]LogStaticMesh: 正在构建静态网格体SM_Carrier……
[2025.10.18-07.59.27:801][  0]LogStaticMesh: Built static mesh [0.00s] /Game/Roboticvacuumcleaner/Mesh/SM_Carrier.SM_Carrier
[2025.10.18-07.59.27:802][  0]LogStaticMesh: 正在构建静态网格体SM_Window_Frame_01……
[2025.10.18-07.59.27:852][  0]LogStaticMesh: Built static mesh [0.05s] /Game/Roboticvacuumcleaner/Demo/Mesh/SM_Window_Frame_01.SM_Window_Frame_01
[2025.10.18-07.59.27:859][  0]LogStaticMesh: 正在构建静态网格体SM_Wall_Window_01……
[2025.10.18-07.59.27:859][  0]LogStaticMesh: Built static mesh [0.00s] /Game/Roboticvacuumcleaner/Demo/Mesh/SM_Wall_Window_01.SM_Wall_Window_01
[2025.10.18-07.59.27:861][  0]LogStaticMesh: 正在构建静态网格体SM_Transparent_Curtain_02……
[2025.10.18-07.59.27:910][  0]LogStaticMesh: Built static mesh [0.05s] /Game/Roboticvacuumcleaner/Demo/Mesh/SM_Transparent_Curtain_02.SM_Transparent_Curtain_02
[2025.10.18-07.59.27:925][  0]LogStaticMesh: 正在构建静态网格体SM_Roof_3……
[2025.10.18-07.59.27:926][  0]LogStaticMesh: Built static mesh [0.00s] /Game/Roboticvacuumcleaner/Demo/Mesh/SM_Roof_3.SM_Roof_3
[2025.10.18-07.59.27:927][  0]LogStaticMesh: 正在构建静态网格体SM_Roof_2……
[2025.10.18-07.59.28:190][  0]LogStaticMesh: Built static mesh [0.26s] /Game/Roboticvacuumcleaner/Demo/Mesh/SM_Roof_2.SM_Roof_2
[2025.10.18-07.59.28:191][  0]LogPhysicsCore: Error: PHYSX: (D:\Build\++Fortnite\Sync\Engine\Source\ThirdParty\PhysX3\PhysX_3.4\Source\PhysXCooking\src\Cooking.cpp 198) eINVALID_PARAMETER : Cooking::cookConvexMesh: user-provided convex mesh descriptor is invalid!
[2025.10.18-07.59.28:191][  0]LogPhysicsCore: Error: PHYSX: (D:\Build\++Fortnite\Sync\Engine\Source\ThirdParty\PhysX3\PhysX_3.4\Source\PhysXCooking\src\Cooking.cpp 198) eINVALID_PARAMETER : Cooking::cookConvexMesh: user-provided convex mesh descriptor is invalid!
[2025.10.18-07.59.28:191][  0]LogPhysics: Warning: Failed to cook convex: /Game/Roboticvacuumcleaner/Demo/Mesh/SM_Roof_2.SM_Roof_2 3 (FlipX:0). The remaining elements will not get cooked.
[2025.10.18-07.59.28:191][  0]LogPhysicsCore: Error: PHYSX: (D:\Build\++Fortnite\Sync\Engine\Source\ThirdParty\PhysX3\PhysX_3.4\Source\PhysXCooking\src\Cooking.cpp 198) eINVALID_PARAMETER : Cooking::cookConvexMesh: user-provided convex mesh descriptor is invalid!
[2025.10.18-07.59.28:191][  0]LogPhysicsCore: Error: PHYSX: (D:\Build\++Fortnite\Sync\Engine\Source\ThirdParty\PhysX3\PhysX_3.4\Source\PhysXCooking\src\Cooking.cpp 198) eINVALID_PARAMETER : Cooking::cookConvexMesh: user-provided convex mesh descriptor is invalid!
[2025.10.18-07.59.28:191][  0]LogPhysics: Warning: Failed to cook convex: /Game/Roboticvacuumcleaner/Demo/Mesh/SM_Roof_2.SM_Roof_2 3 (FlipX:1). The remaining elements will not get cooked.
[2025.10.18-07.59.28:215][  0]LogPhysics: Warning: Attempt to build physics data for /Game/Roboticvacuumcleaner/Demo/Mesh/SM_Roof_2.SM_Roof_2:BodySetup_0 when we are unable to.
[2025.10.18-07.59.28:218][  0]LogStaticMesh: 正在构建静态网格体SM_Downlight……
[2025.10.18-07.59.28:224][  0]LogStaticMesh: Built static mesh [0.01s] /Game/Roboticvacuumcleaner/Demo/Mesh/SM_Downlight.SM_Downlight
[2025.10.18-07.59.28:226][  0]LogStaticMesh: 正在构建静态网格体SM_Roof_1……
[2025.10.18-07.59.28:248][  0]LogStaticMesh: Built static mesh [0.02s] /Game/Roboticvacuumcleaner/Demo/Mesh/SM_Roof_1.SM_Roof_1
[2025.10.18-07.59.28:250][  0]LogStaticMesh: 正在构建静态网格体SM_Pano……
[2025.10.18-07.59.28:269][  0]LogStaticMesh: Built static mesh [0.02s] /Game/Roboticvacuumcleaner/Demo/Mesh/SM_Pano.SM_Pano
[2025.10.18-07.59.28:285][  0]LogAudio: Display: Audio Device (ID: 1) registered with world 'model'.
[2025.10.18-07.59.28:286][  0]LogAIModule: Creating AISystem for world model
[2025.10.18-07.59.28:289][  0]LogPhysics: Warning: PopulatePhysXGeometryAndTransform(Convex): ConvexElem is missing ConvexMesh
[2025.10.18-07.59.28:289][  0]LogPhysics: Warning: ForeachShape(Convex): ScaledElem[0] invalid
[2025.10.18-07.59.28:289][  0]LogPhysics: Warning: PopulatePhysXGeometryAndTransform(Convex): ConvexElem is missing ConvexMesh
[2025.10.18-07.59.28:289][  0]LogPhysics: Warning: ForeachShape(Convex): ScaledElem[1] invalid
[2025.10.18-07.59.28:289][  0]LogPhysics: Warning: PopulatePhysXGeometryAndTransform(Convex): ConvexElem is missing ConvexMesh
[2025.10.18-07.59.28:289][  0]LogPhysics: Warning: ForeachShape(Convex): ScaledElem[2] invalid
[2025.10.18-07.59.28:289][  0]LogPhysics: Warning: PopulatePhysXGeometryAndTransform(Convex): ConvexElem is missing ConvexMesh
[2025.10.18-07.59.28:289][  0]LogPhysics: Warning: ForeachShape(Convex): ScaledElem[3] invalid
[2025.10.18-07.59.28:289][  0]LogPhysics: Warning: PopulatePhysXGeometryAndTransform(Convex): ConvexElem is missing ConvexMesh
[2025.10.18-07.59.28:289][  0]LogPhysics: Warning: ForeachShape(Convex): ScaledElem[4] invalid
[2025.10.18-07.59.28:289][  0]LogPhysics: Warning: PopulatePhysXGeometryAndTransform(Convex): ConvexElem is missing ConvexMesh
[2025.10.18-07.59.28:289][  0]LogPhysics: Warning: ForeachShape(Convex): ScaledElem[5] invalid
[2025.10.18-07.59.28:290][  0]LogEditorServer: Finished looking for orphan Actors (0.000 secs)
[2025.10.18-07.59.28:295][  0]LogUObjectHash: Compacting FUObjectHashTables data took   0.70ms
[2025.10.18-07.59.28:331][  0]Cmd: MAP CHECKDEP NOCLEARLOG
[2025.10.18-07.59.28:332][  0]MapCheck: 地图检测完成：0个错误、0个警告、完成用时0.164毫秒。
[2025.10.18-07.59.28:332][  0]LogFileHelpers: Loading map 'model' took 234.870
[2025.10.18-07.59.28:334][  0]LogUnrealEdMisc: Total Editor Startup Time, took 240.300
[2025.10.18-07.59.28:447][  0]LogSlate: Updating window title bar state: overlay mode, drag disabled, window buttons hidden, title bar hidden
[2025.10.18-07.59.28:450][  0]LogSlate: Updating window title bar state: overlay mode, drag disabled, window buttons hidden, title bar hidden
[2025.10.18-07.59.28:454][  0]LogSlate: Updating window title bar state: overlay mode, drag disabled, window buttons hidden, title bar hidden
[2025.10.18-07.59.28:457][  0]LogSlate: Updating window title bar state: overlay mode, drag disabled, window buttons hidden, title bar hidden
[2025.10.18-07.59.28:467][  0]LogNativeClassHierarchy: Verbose: Native class hierarchy populated in 0.0066 seconds. Added 3822 classes and 928 folders.
[2025.10.18-07.59.28:468][  0]LogNativeClassHierarchy: Verbose: Native class hierarchy updated for 'WidgetCarousel' in 0.0002 seconds. Added 0 classes and 0 folders.
[2025.10.18-07.59.28:470][  0]LogPakFile: PakFile PrimaryIndexSize=187
[2025.10.18-07.59.28:470][  0]LogPakFile: PakFile PathHashIndexSize=101
[2025.10.18-07.59.28:470][  0]LogPakFile: PakFile FullDirectoryIndexSize=148
[2025.10.18-07.59.28:470][  0]LogShaderLibrary: Display: ShaderCodeLibraryPakFileMountedCallback: PakFile 'D:/UE_4.27/FeaturePacks/FP_FirstPerson.upack' (chunk index -1, root 'root:/') mounted
[2025.10.18-07.59.28:470][  0]LogShaderLibrary: Display: ShaderCodeLibraryPakFileMountedCallback: pending pak file info (ChunkID:-1 Root:root:/ File:D:/UE_4.27/FeaturePacks/FP_FirstPerson.upack)
[2025.10.18-07.59.28:470][  0]LogPakFile: OnPakFileMounted2Time == 0.000040
[2025.10.18-07.59.28:470][  0]LogPakFile: PakFile PrimaryIndexSize=189
[2025.10.18-07.59.28:470][  0]LogPakFile: PakFile PathHashIndexSize=101
[2025.10.18-07.59.28:470][  0]LogPakFile: PakFile FullDirectoryIndexSize=152
[2025.10.18-07.59.28:470][  0]LogShaderLibrary: Display: ShaderCodeLibraryPakFileMountedCallback: PakFile 'D:/UE_4.27/FeaturePacks/FP_FirstPersonBP.upack' (chunk index -1, root 'root:/') mounted
[2025.10.18-07.59.28:470][  0]LogShaderLibrary: Display: ShaderCodeLibraryPakFileMountedCallback: pending pak file info (ChunkID:-1 Root:root:/ File:D:/UE_4.27/FeaturePacks/FP_FirstPersonBP.upack)
[2025.10.18-07.59.28:470][  0]LogPakFile: OnPakFileMounted2Time == 0.000026
[2025.10.18-07.59.28:470][  0]LogPakFile: PakFile PrimaryIndexSize=191
[2025.10.18-07.59.28:471][  0]LogPakFile: PakFile PathHashIndexSize=101
[2025.10.18-07.59.28:471][  0]LogPakFile: PakFile FullDirectoryIndexSize=160
[2025.10.18-07.59.28:471][  0]LogShaderLibrary: Display: ShaderCodeLibraryPakFileMountedCallback: PakFile 'D:/UE_4.27/FeaturePacks/MobileStarterContent.upack' (chunk index -1, root 'root:/') mounted
[2025.10.18-07.59.28:471][  0]LogShaderLibrary: Display: ShaderCodeLibraryPakFileMountedCallback: pending pak file info (ChunkID:-1 Root:root:/ File:D:/UE_4.27/FeaturePacks/MobileStarterContent.upack)
[2025.10.18-07.59.28:471][  0]LogPakFile: OnPakFileMounted2Time == 0.000026
[2025.10.18-07.59.28:471][  0]LogPakFile: PakFile PrimaryIndexSize=185
[2025.10.18-07.59.28:471][  0]LogPakFile: PakFile PathHashIndexSize=101
[2025.10.18-07.59.28:471][  0]LogPakFile: PakFile FullDirectoryIndexSize=148
[2025.10.18-07.59.28:471][  0]LogShaderLibrary: Display: ShaderCodeLibraryPakFileMountedCallback: PakFile 'D:/UE_4.27/FeaturePacks/StarterContent.upack' (chunk index -1, root 'root:/') mounted
[2025.10.18-07.59.28:471][  0]LogShaderLibrary: Display: ShaderCodeLibraryPakFileMountedCallback: pending pak file info (ChunkID:-1 Root:root:/ File:D:/UE_4.27/FeaturePacks/StarterContent.upack)
[2025.10.18-07.59.28:471][  0]LogPakFile: OnPakFileMounted2Time == 0.000024
[2025.10.18-07.59.28:471][  0]LogPakFile: PakFile PrimaryIndexSize=190
[2025.10.18-07.59.28:471][  0]LogPakFile: PakFile PathHashIndexSize=101
[2025.10.18-07.59.28:471][  0]LogPakFile: PakFile FullDirectoryIndexSize=154
[2025.10.18-07.59.28:471][  0]LogShaderLibrary: Display: ShaderCodeLibraryPakFileMountedCallback: PakFile 'D:/UE_4.27/FeaturePacks/TP_2DSideScroller.upack' (chunk index -1, root 'root:/') mounted
[2025.10.18-07.59.28:471][  0]LogShaderLibrary: Display: ShaderCodeLibraryPakFileMountedCallback: pending pak file info (ChunkID:-1 Root:root:/ File:D:/UE_4.27/FeaturePacks/TP_2DSideScroller.upack)
[2025.10.18-07.59.28:471][  0]LogPakFile: OnPakFileMounted2Time == 0.000023
[2025.10.18-07.59.28:472][  0]LogPakFile: PakFile PrimaryIndexSize=192
[2025.10.18-07.59.28:472][  0]LogPakFile: PakFile PathHashIndexSize=101
[2025.10.18-07.59.28:472][  0]LogPakFile: PakFile FullDirectoryIndexSize=158
[2025.10.18-07.59.28:472][  0]LogShaderLibrary: Display: ShaderCodeLibraryPakFileMountedCallback: PakFile 'D:/UE_4.27/FeaturePacks/TP_2DSideScrollerBP.upack' (chunk index -1, root 'root:/') mounted
[2025.10.18-07.59.28:472][  0]LogShaderLibrary: Display: ShaderCodeLibraryPakFileMountedCallback: pending pak file info (ChunkID:-1 Root:root:/ File:D:/UE_4.27/FeaturePacks/TP_2DSideScrollerBP.upack)
[2025.10.18-07.59.28:472][  0]LogPakFile: OnPakFileMounted2Time == 0.000023
[2025.10.18-07.59.28:472][  0]LogPakFile: PakFile PrimaryIndexSize=182
[2025.10.18-07.59.28:472][  0]LogPakFile: PakFile PathHashIndexSize=101
[2025.10.18-07.59.28:472][  0]LogPakFile: PakFile FullDirectoryIndexSize=138
[2025.10.18-07.59.28:472][  0]LogShaderLibrary: Display: ShaderCodeLibraryPakFileMountedCallback: PakFile 'D:/UE_4.27/FeaturePacks/TP_Flying.upack' (chunk index -1, root 'root:/') mounted
[2025.10.18-07.59.28:472][  0]LogShaderLibrary: Display: ShaderCodeLibraryPakFileMountedCallback: pending pak file info (ChunkID:-1 Root:root:/ File:D:/UE_4.27/FeaturePacks/TP_Flying.upack)
[2025.10.18-07.59.28:472][  0]LogPakFile: OnPakFileMounted2Time == 0.000022
[2025.10.18-07.59.28:472][  0]LogPakFile: PakFile PrimaryIndexSize=184
[2025.10.18-07.59.28:472][  0]LogPakFile: PakFile PathHashIndexSize=101
[2025.10.18-07.59.28:472][  0]LogPakFile: PakFile FullDirectoryIndexSize=142
[2025.10.18-07.59.28:472][  0]LogShaderLibrary: Display: ShaderCodeLibraryPakFileMountedCallback: PakFile 'D:/UE_4.27/FeaturePacks/TP_FlyingBP.upack' (chunk index -1, root 'root:/') mounted
[2025.10.18-07.59.28:472][  0]LogShaderLibrary: Display: ShaderCodeLibraryPakFileMountedCallback: pending pak file info (ChunkID:-1 Root:root:/ File:D:/UE_4.27/FeaturePacks/TP_FlyingBP.upack)
[2025.10.18-07.59.28:472][  0]LogPakFile: OnPakFileMounted2Time == 0.000022
[2025.10.18-07.59.28:473][  0]LogPakFile: PakFile PrimaryIndexSize=188
[2025.10.18-07.59.28:473][  0]LogPakFile: PakFile PathHashIndexSize=101
[2025.10.18-07.59.28:473][  0]LogPakFile: PakFile FullDirectoryIndexSize=150
[2025.10.18-07.59.28:473][  0]LogShaderLibrary: Display: ShaderCodeLibraryPakFileMountedCallback: PakFile 'D:/UE_4.27/FeaturePacks/TP_HandheldARBP.upack' (chunk index -1, root 'root:/') mounted
[2025.10.18-07.59.28:473][  0]LogShaderLibrary: Display: ShaderCodeLibraryPakFileMountedCallback: pending pak file info (ChunkID:-1 Root:root:/ File:D:/UE_4.27/FeaturePacks/TP_HandheldARBP.upack)
[2025.10.18-07.59.28:473][  0]LogPakFile: OnPakFileMounted2Time == 0.000025
[2025.10.18-07.59.28:473][  0]LogPakFile: PakFile PrimaryIndexSize=182
[2025.10.18-07.59.28:473][  0]LogPakFile: PakFile PathHashIndexSize=101
[2025.10.18-07.59.28:473][  0]LogPakFile: PakFile FullDirectoryIndexSize=138
[2025.10.18-07.59.28:473][  0]LogShaderLibrary: Display: ShaderCodeLibraryPakFileMountedCallback: PakFile 'D:/UE_4.27/FeaturePacks/TP_Puzzle.upack' (chunk index -1, root 'root:/') mounted
[2025.10.18-07.59.28:473][  0]LogShaderLibrary: Display: ShaderCodeLibraryPakFileMountedCallback: pending pak file info (ChunkID:-1 Root:root:/ File:D:/UE_4.27/FeaturePacks/TP_Puzzle.upack)
[2025.10.18-07.59.28:473][  0]LogPakFile: OnPakFileMounted2Time == 0.000022
[2025.10.18-07.59.28:473][  0]LogPakFile: PakFile PrimaryIndexSize=184
[2025.10.18-07.59.28:474][  0]LogPakFile: PakFile PathHashIndexSize=101
[2025.10.18-07.59.28:474][  0]LogPakFile: PakFile FullDirectoryIndexSize=142
[2025.10.18-07.59.28:474][  0]LogShaderLibrary: Display: ShaderCodeLibraryPakFileMountedCallback: PakFile 'D:/UE_4.27/FeaturePacks/TP_PuzzleBP.upack' (chunk index -1, root 'root:/') mounted
[2025.10.18-07.59.28:474][  0]LogShaderLibrary: Display: ShaderCodeLibraryPakFileMountedCallback: pending pak file info (ChunkID:-1 Root:root:/ File:D:/UE_4.27/FeaturePacks/TP_PuzzleBP.upack)
[2025.10.18-07.59.28:474][  0]LogPakFile: OnPakFileMounted2Time == 0.000022
[2025.10.18-07.59.28:474][  0]LogPakFile: PakFile PrimaryIndexSize=183
[2025.10.18-07.59.28:474][  0]LogPakFile: PakFile PathHashIndexSize=101
[2025.10.18-07.59.28:474][  0]LogPakFile: PakFile FullDirectoryIndexSize=140
[2025.10.18-07.59.28:474][  0]LogShaderLibrary: Display: ShaderCodeLibraryPakFileMountedCallback: PakFile 'D:/UE_4.27/FeaturePacks/TP_Rolling.upack' (chunk index -1, root 'root:/') mounted
[2025.10.18-07.59.28:474][  0]LogShaderLibrary: Display: ShaderCodeLibraryPakFileMountedCallback: pending pak file info (ChunkID:-1 Root:root:/ File:D:/UE_4.27/FeaturePacks/TP_Rolling.upack)
[2025.10.18-07.59.28:474][  0]LogPakFile: OnPakFileMounted2Time == 0.000022
[2025.10.18-07.59.28:474][  0]LogPakFile: PakFile PrimaryIndexSize=185
[2025.10.18-07.59.28:474][  0]LogPakFile: PakFile PathHashIndexSize=101
[2025.10.18-07.59.28:474][  0]LogPakFile: PakFile FullDirectoryIndexSize=144
[2025.10.18-07.59.28:474][  0]LogShaderLibrary: Display: ShaderCodeLibraryPakFileMountedCallback: PakFile 'D:/UE_4.27/FeaturePacks/TP_RollingBP.upack' (chunk index -1, root 'root:/') mounted
[2025.10.18-07.59.28:474][  0]LogShaderLibrary: Display: ShaderCodeLibraryPakFileMountedCallback: pending pak file info (ChunkID:-1 Root:root:/ File:D:/UE_4.27/FeaturePacks/TP_RollingBP.upack)
[2025.10.18-07.59.28:474][  0]LogPakFile: OnPakFileMounted2Time == 0.000022
[2025.10.18-07.59.28:475][  0]LogPakFile: PakFile PrimaryIndexSize=188
[2025.10.18-07.59.28:475][  0]LogPakFile: PakFile PathHashIndexSize=101
[2025.10.18-07.59.28:475][  0]LogPakFile: PakFile FullDirectoryIndexSize=150
[2025.10.18-07.59.28:475][  0]LogShaderLibrary: Display: ShaderCodeLibraryPakFileMountedCallback: PakFile 'D:/UE_4.27/FeaturePacks/TP_SideScroller.upack' (chunk index -1, root 'root:/') mounted
[2025.10.18-07.59.28:475][  0]LogShaderLibrary: Display: ShaderCodeLibraryPakFileMountedCallback: pending pak file info (ChunkID:-1 Root:root:/ File:D:/UE_4.27/FeaturePacks/TP_SideScroller.upack)
[2025.10.18-07.59.28:475][  0]LogPakFile: OnPakFileMounted2Time == 0.000024
[2025.10.18-07.59.28:475][  0]LogPakFile: PakFile PrimaryIndexSize=190
[2025.10.18-07.59.28:475][  0]LogPakFile: PakFile PathHashIndexSize=101
[2025.10.18-07.59.28:475][  0]LogPakFile: PakFile FullDirectoryIndexSize=154
[2025.10.18-07.59.28:475][  0]LogShaderLibrary: Display: ShaderCodeLibraryPakFileMountedCallback: PakFile 'D:/UE_4.27/FeaturePacks/TP_SideScrollerBP.upack' (chunk index -1, root 'root:/') mounted
[2025.10.18-07.59.28:475][  0]LogShaderLibrary: Display: ShaderCodeLibraryPakFileMountedCallback: pending pak file info (ChunkID:-1 Root:root:/ File:D:/UE_4.27/FeaturePacks/TP_SideScrollerBP.upack)
[2025.10.18-07.59.28:475][  0]LogPakFile: OnPakFileMounted2Time == 0.000025
[2025.10.18-07.59.28:475][  0]LogPakFile: PakFile PrimaryIndexSize=187
[2025.10.18-07.59.28:475][  0]LogPakFile: PakFile PathHashIndexSize=101
[2025.10.18-07.59.28:475][  0]LogPakFile: PakFile FullDirectoryIndexSize=148
[2025.10.18-07.59.28:475][  0]LogShaderLibrary: Display: ShaderCodeLibraryPakFileMountedCallback: PakFile 'D:/UE_4.27/FeaturePacks/TP_ThirdPerson.upack' (chunk index -1, root 'root:/') mounted
[2025.10.18-07.59.28:475][  0]LogShaderLibrary: Display: ShaderCodeLibraryPakFileMountedCallback: pending pak file info (ChunkID:-1 Root:root:/ File:D:/UE_4.27/FeaturePacks/TP_ThirdPerson.upack)
[2025.10.18-07.59.28:475][  0]LogPakFile: OnPakFileMounted2Time == 0.000022
[2025.10.18-07.59.28:476][  0]LogPakFile: PakFile PrimaryIndexSize=189
[2025.10.18-07.59.28:476][  0]LogPakFile: PakFile PathHashIndexSize=101
[2025.10.18-07.59.28:476][  0]LogPakFile: PakFile FullDirectoryIndexSize=152
[2025.10.18-07.59.28:476][  0]LogShaderLibrary: Display: ShaderCodeLibraryPakFileMountedCallback: PakFile 'D:/UE_4.27/FeaturePacks/TP_ThirdPersonBP.upack' (chunk index -1, root 'root:/') mounted
[2025.10.18-07.59.28:476][  0]LogShaderLibrary: Display: ShaderCodeLibraryPakFileMountedCallback: pending pak file info (ChunkID:-1 Root:root:/ File:D:/UE_4.27/FeaturePacks/TP_ThirdPersonBP.upack)
[2025.10.18-07.59.28:476][  0]LogPakFile: OnPakFileMounted2Time == 0.000022
[2025.10.18-07.59.28:476][  0]LogPakFile: PakFile PrimaryIndexSize=183
[2025.10.18-07.59.28:476][  0]LogPakFile: PakFile PathHashIndexSize=101
[2025.10.18-07.59.28:476][  0]LogPakFile: PakFile FullDirectoryIndexSize=140
[2025.10.18-07.59.28:476][  0]LogShaderLibrary: Display: ShaderCodeLibraryPakFileMountedCallback: PakFile 'D:/UE_4.27/FeaturePacks/TP_TopDown.upack' (chunk index -1, root 'root:/') mounted
[2025.10.18-07.59.28:476][  0]LogShaderLibrary: Display: ShaderCodeLibraryPakFileMountedCallback: pending pak file info (ChunkID:-1 Root:root:/ File:D:/UE_4.27/FeaturePacks/TP_TopDown.upack)
[2025.10.18-07.59.28:476][  0]LogPakFile: OnPakFileMounted2Time == 0.000026
[2025.10.18-07.59.28:476][  0]LogPakFile: PakFile PrimaryIndexSize=185
[2025.10.18-07.59.28:476][  0]LogPakFile: PakFile PathHashIndexSize=101
[2025.10.18-07.59.28:476][  0]LogPakFile: PakFile FullDirectoryIndexSize=144
[2025.10.18-07.59.28:476][  0]LogShaderLibrary: Display: ShaderCodeLibraryPakFileMountedCallback: PakFile 'D:/UE_4.27/FeaturePacks/TP_TopDownBP.upack' (chunk index -1, root 'root:/') mounted
[2025.10.18-07.59.28:476][  0]LogShaderLibrary: Display: ShaderCodeLibraryPakFileMountedCallback: pending pak file info (ChunkID:-1 Root:root:/ File:D:/UE_4.27/FeaturePacks/TP_TopDownBP.upack)
[2025.10.18-07.59.28:476][  0]LogPakFile: OnPakFileMounted2Time == 0.000022
[2025.10.18-07.59.28:477][  0]LogPakFile: PakFile PrimaryIndexSize=185
[2025.10.18-07.59.28:477][  0]LogPakFile: PakFile PathHashIndexSize=101
[2025.10.18-07.59.28:477][  0]LogPakFile: PakFile FullDirectoryIndexSize=144
[2025.10.18-07.59.28:477][  0]LogShaderLibrary: Display: ShaderCodeLibraryPakFileMountedCallback: PakFile 'D:/UE_4.27/FeaturePacks/TP_TwinStick.upack' (chunk index -1, root 'root:/') mounted
[2025.10.18-07.59.28:477][  0]LogShaderLibrary: Display: ShaderCodeLibraryPakFileMountedCallback: pending pak file info (ChunkID:-1 Root:root:/ File:D:/UE_4.27/FeaturePacks/TP_TwinStick.upack)
[2025.10.18-07.59.28:477][  0]LogPakFile: OnPakFileMounted2Time == 0.000022
[2025.10.18-07.59.28:477][  0]LogPakFile: PakFile PrimaryIndexSize=187
[2025.10.18-07.59.28:477][  0]LogPakFile: PakFile PathHashIndexSize=101
[2025.10.18-07.59.28:477][  0]LogPakFile: PakFile FullDirectoryIndexSize=148
[2025.10.18-07.59.28:477][  0]LogShaderLibrary: Display: ShaderCodeLibraryPakFileMountedCallback: PakFile 'D:/UE_4.27/FeaturePacks/TP_TwinStickBP.upack' (chunk index -1, root 'root:/') mounted
[2025.10.18-07.59.28:477][  0]LogShaderLibrary: Display: ShaderCodeLibraryPakFileMountedCallback: pending pak file info (ChunkID:-1 Root:root:/ File:D:/UE_4.27/FeaturePacks/TP_TwinStickBP.upack)
[2025.10.18-07.59.28:477][  0]LogPakFile: OnPakFileMounted2Time == 0.000025
[2025.10.18-07.59.28:477][  0]LogPakFile: PakFile PrimaryIndexSize=183
[2025.10.18-07.59.28:477][  0]LogPakFile: PakFile PathHashIndexSize=101
[2025.10.18-07.59.28:477][  0]LogPakFile: PakFile FullDirectoryIndexSize=140
[2025.10.18-07.59.28:477][  0]LogShaderLibrary: Display: ShaderCodeLibraryPakFileMountedCallback: PakFile 'D:/UE_4.27/FeaturePacks/TP_Vehicle.upack' (chunk index -1, root 'root:/') mounted
[2025.10.18-07.59.28:477][  0]LogShaderLibrary: Display: ShaderCodeLibraryPakFileMountedCallback: pending pak file info (ChunkID:-1 Root:root:/ File:D:/UE_4.27/FeaturePacks/TP_Vehicle.upack)
[2025.10.18-07.59.28:477][  0]LogPakFile: OnPakFileMounted2Time == 0.000022
[2025.10.18-07.59.28:478][  0]LogPakFile: PakFile PrimaryIndexSize=186
[2025.10.18-07.59.28:478][  0]LogPakFile: PakFile PathHashIndexSize=101
[2025.10.18-07.59.28:478][  0]LogPakFile: PakFile FullDirectoryIndexSize=146
[2025.10.18-07.59.28:478][  0]LogShaderLibrary: Display: ShaderCodeLibraryPakFileMountedCallback: PakFile 'D:/UE_4.27/FeaturePacks/TP_VehicleAdv.upack' (chunk index -1, root 'root:/') mounted
[2025.10.18-07.59.28:478][  0]LogShaderLibrary: Display: ShaderCodeLibraryPakFileMountedCallback: pending pak file info (ChunkID:-1 Root:root:/ File:D:/UE_4.27/FeaturePacks/TP_VehicleAdv.upack)
[2025.10.18-07.59.28:478][  0]LogPakFile: OnPakFileMounted2Time == 0.000023
[2025.10.18-07.59.28:478][  0]LogPakFile: PakFile PrimaryIndexSize=188
[2025.10.18-07.59.28:478][  0]LogPakFile: PakFile PathHashIndexSize=101
[2025.10.18-07.59.28:478][  0]LogPakFile: PakFile FullDirectoryIndexSize=150
[2025.10.18-07.59.28:478][  0]LogShaderLibrary: Display: ShaderCodeLibraryPakFileMountedCallback: PakFile 'D:/UE_4.27/FeaturePacks/TP_VehicleAdvBP.upack' (chunk index -1, root 'root:/') mounted
[2025.10.18-07.59.28:478][  0]LogShaderLibrary: Display: ShaderCodeLibraryPakFileMountedCallback: pending pak file info (ChunkID:-1 Root:root:/ File:D:/UE_4.27/FeaturePacks/TP_VehicleAdvBP.upack)
[2025.10.18-07.59.28:478][  0]LogPakFile: OnPakFileMounted2Time == 0.000022
[2025.10.18-07.59.28:479][  0]LogPakFile: PakFile PrimaryIndexSize=185
[2025.10.18-07.59.28:479][  0]LogPakFile: PakFile PathHashIndexSize=101
[2025.10.18-07.59.28:479][  0]LogPakFile: PakFile FullDirectoryIndexSize=144
[2025.10.18-07.59.28:479][  0]LogShaderLibrary: Display: ShaderCodeLibraryPakFileMountedCallback: PakFile 'D:/UE_4.27/FeaturePacks/TP_VehicleBP.upack' (chunk index -1, root 'root:/') mounted
[2025.10.18-07.59.28:479][  0]LogShaderLibrary: Display: ShaderCodeLibraryPakFileMountedCallback: pending pak file info (ChunkID:-1 Root:root:/ File:D:/UE_4.27/FeaturePacks/TP_VehicleBP.upack)
[2025.10.18-07.59.28:479][  0]LogPakFile: OnPakFileMounted2Time == 0.000022
[2025.10.18-07.59.28:479][  0]LogPakFile: PakFile PrimaryIndexSize=192
[2025.10.18-07.59.28:479][  0]LogPakFile: PakFile PathHashIndexSize=101
[2025.10.18-07.59.28:479][  0]LogPakFile: PakFile FullDirectoryIndexSize=158
[2025.10.18-07.59.28:479][  0]LogShaderLibrary: Display: ShaderCodeLibraryPakFileMountedCallback: PakFile 'D:/UE_4.27/FeaturePacks/TP_VirtualRealityBP.upack' (chunk index -1, root 'root:/') mounted
[2025.10.18-07.59.28:479][  0]LogShaderLibrary: Display: ShaderCodeLibraryPakFileMountedCallback: pending pak file info (ChunkID:-1 Root:root:/ File:D:/UE_4.27/FeaturePacks/TP_VirtualRealityBP.upack)
[2025.10.18-07.59.28:479][  0]LogPakFile: OnPakFileMounted2Time == 0.000023
[2025.10.18-07.59.28:501][  0]LogNativeClassHierarchy: Verbose: Native class hierarchy updated for 'AddContentDialog' in 0.0002 seconds. Added 0 classes and 0 folders.
[2025.10.18-07.59.28:502][  0]LogSlate: The tab "/Game/MeshTool_ue4.MeshTool_ActiveTab" attempted to spawn in layout 'LevelEditor_Layout_v1.2' but failed for some reason. It will not be displayed.
[2025.10.18-07.59.28:502][  0]LogSlate: The tab "/Game/MeshTool_ue4.MeshTool_ActiveTab" attempted to spawn in layout 'LevelEditor_Layout_v1.2' but failed for some reason. It will not be displayed.
[2025.10.18-07.59.28:502][  0]LogSlate: The tab "/Game/MeshTool_ue4.MeshTool_ActiveTab" attempted to spawn in layout 'LevelEditor_Layout_v1.2' but failed for some reason. It will not be displayed.
[2025.10.18-07.59.28:502][  0]LogSlate: The tab "/Game/MeshTool_ue4.MeshTool_ActiveTab" attempted to spawn in layout 'LevelEditor_Layout_v1.2' but failed for some reason. It will not be displayed.
[2025.10.18-07.59.28:502][  0]LogSlate: The tab "/Game/TidyTool_ue4.TidyTool_ActiveTab" attempted to spawn in layout 'LevelEditor_Layout_v1.2' but failed for some reason. It will not be displayed.
[2025.10.18-07.59.28:502][  0]LogSlate: The tab "/Game/TidyTool_ue4.TidyTool_ActiveTab" attempted to spawn in layout 'LevelEditor_Layout_v1.2' but failed for some reason. It will not be displayed.
[2025.10.18-07.59.28:502][  0]LogSlate: The tab "/Game/TidyTool_ue4.TidyTool_ActiveTab" attempted to spawn in layout 'LevelEditor_Layout_v1.2' but failed for some reason. It will not be displayed.
[2025.10.18-07.59.28:502][  0]LogNativeClassHierarchy: Verbose: Native class hierarchy updated for 'SceneOutliner' in 0.0002 seconds. Added 2 classes and 0 folders.
[2025.10.18-07.59.28:542][  0]LogSlate: Took 0.000239 seconds to synchronously load lazily loaded font '../../../Engine/Content/Slate/Fonts/Roboto-Regular.ttf' (155K)
[2025.10.18-07.59.28:543][  0]LogSlate: Took 0.000166 seconds to synchronously load lazily loaded font '../../../Engine/Content/Editor/Slate/Fonts/FontAwesome.ttf' (139K)
[2025.10.18-07.59.28:544][  0]LogSlate: Took 0.001124 seconds to synchronously load lazily loaded font '../../../Engine/Content/Slate/Fonts/DroidSansFallback.ttf' (3848K)
[2025.10.18-07.59.28:545][  0]LogSlate: Took 0.000120 seconds to synchronously load lazily loaded font '../../../Engine/Content/Slate/Fonts/Roboto-Bold.ttf' (160K)
[2025.10.18-07.59.28:602][  0]LogRenderer: Reallocating scene render targets to support 948x376 Format 10 NumSamples 1 (Frame:1).
[2025.10.18-07.59.28:659][  0]LogNativeClassHierarchy: Verbose: Native class hierarchy updated for 'HierarchicalLODOutliner' in 0.0002 seconds. Added 0 classes and 0 folders.
[2025.10.18-07.59.28:659][  0]LogLoad: (Engine Initialization) Total time: 240.63 seconds
[2025.10.18-07.59.28:659][  0]LogLoad: (Engine Initialization) Total Blueprint compile time: 0.00 seconds
[2025.10.18-07.59.28:693][  0]LogAssetRegistry: Asset discovery search completed in 237.9605 seconds
[2025.10.18-07.59.28:697][  0]LogCollectionManager: Fixed up redirectors for 0 collections in 0.000003 seconds (updated 0 objects)
[2025.10.18-07.59.28:699][  0]LogContentStreaming: Texture pool size now 1000 MB
[2025.10.18-07.59.29:344][  2]LogSlate: Took 0.000218 seconds to synchronously load lazily loaded font '../../../Engine/Content/Slate/Fonts/Roboto-Light.ttf' (167K)
[2025.10.18-08.00.14:994][462]LogWindowsTextInputMethodSystem: Display: IME system activated using TSF (微软拼音).
[2025.10.18-08.00.50:461][828]LogSlate: Window '插件' being destroyed
[2025.10.18-08.00.50:464][828]LogSlate: Window '插件' being destroyed
[2025.10.18-08.00.50:464][828]LogDirectoryWatcher: A directory notification for '../../../Engine/Plugins/' was aborted.
[2025.10.18-08.01.05:652][648]LogUObjectHash: Compacting FUObjectHashTables data took   0.42ms
[2025.10.18-08.01.05:661][648]LogSlate: Window 'RoboticVacuumCleaner - 虚幻编辑器' being destroyed
[2025.10.18-08.01.05:730][649]Cmd: QUIT_EDITOR
[2025.10.18-08.01.05:730][649]LogCore: Engine exit requested (reason: UUnrealEdEngine::CloseEditor())
[2025.10.18-08.01.05:732][649]LogCore: Engine exit requested (reason: EngineExit() was called; note: exit was already requested)
[2025.10.18-08.01.05:735][649]LogAudio: Display: Beginning Audio Device Manager Shutdown (Module: AudioMixerXAudio2)...
[2025.10.18-08.01.05:735][649]LogAudio: Display: Destroying 1 Remaining Audio Device(s)...
[2025.10.18-08.01.05:735][649]LogAudio: Display: Audio Device unregistered from world 'model'.
[2025.10.18-08.01.05:735][649]LogAudioMixer: FMixerPlatformXAudio2::StopAudioStream() called
[2025.10.18-08.01.05:736][649]LogAudioMixer: FMixerPlatformXAudio2::StopAudioStream() called
[2025.10.18-08.01.05:744][649]LogAudio: Display: Audio Device Manager Shutdown
[2025.10.18-08.01.05:744][649]LogWindowsTextInputMethodSystem: Display: IME system activated using TSF (微软拼音).
[2025.10.18-08.01.05:747][649]LogExit: Preparing to exit.
[2025.10.18-08.01.06:036][649]LogUObjectHash: Compacting FUObjectHashTables data took   0.51ms
[2025.10.18-08.01.06:159][649]LogDemo: Cleaned up 0 splitscreen connections with owner deletion
[2025.10.18-08.01.06:163][649]LogWorld: UWorld::CleanupWorld for None, bSessionEnded=true, bCleanupResources=true
[2025.10.18-08.01.06:163][649]LogExit: Editor shut down
[2025.10.18-08.01.06:163][649]LogExit: Transaction tracking system shut down
[2025.10.18-08.01.06:428][649]LogExit: Object subsystem successfully closed.
[2025.10.18-08.01.06:442][649]LogShaderCompilers: Display: === FShaderJobCache stats ===
[2025.10.18-08.01.06:442][649]LogShaderCompilers: Display: Total job queries 0, among them cache hits 0 (0.00%)
[2025.10.18-08.01.06:442][649]LogShaderCompilers: Display: Tracking 0 distinct input hashes that result in 0 distinct outputs (0.00%)
[2025.10.18-08.01.06:442][649]LogShaderCompilers: Display: RAM used: 0.00 MB (0.00 GB) of 1638.40 MB (1.60 GB) budget. Usage: 0.00%
[2025.10.18-08.01.06:442][649]LogShaderCompilers: Display: ================================================
[2025.10.18-08.01.06:450][649]LogShaderCompilers: Display: Shaders left to compile 0
[2025.10.18-08.01.06:458][649]LogModuleManager: Shutting down and abandoning module HierarchicalLODOutliner (870)
[2025.10.18-08.01.06:458][649]LogModuleManager: Shutting down and abandoning module SceneOutliner (868)
[2025.10.18-08.01.06:458][649]LogModuleManager: Shutting down and abandoning module AddContentDialog (866)
[2025.10.18-08.01.06:458][649]LogModuleManager: Shutting down and abandoning module WidgetCarousel (865)
[2025.10.18-08.01.06:458][649]LogModuleManager: Shutting down and abandoning module EditorWidgets (862)
[2025.10.18-08.01.06:458][649]LogModuleManager: Shutting down and abandoning module StatsViewer (860)
[2025.10.18-08.01.06:458][649]LogModuleManager: Shutting down and abandoning module PIEPreviewDeviceProfileSelector (858)
[2025.10.18-08.01.06:458][649]LogModuleManager: Shutting down and abandoning module SequenceRecorderSections (856)
[2025.10.18-08.01.06:458][649]LogModuleManager: Shutting down and abandoning module AutomationWorker (854)
[2025.10.18-08.01.06:458][649]LogModuleManager: Shutting down and abandoning module SteamVREditor (852)
[2025.10.18-08.01.06:458][649]LogModuleManager: Shutting down and abandoning module OculusMR (850)
[2025.10.18-08.01.06:458][649]LogModuleManager: Shutting down and abandoning module TakeRecorderSources (848)
[2025.10.18-08.01.06:459][649]LogModuleManager: Shutting down and abandoning module TakeRecorder (847)
[2025.10.18-08.01.06:459][649]LogModuleManager: Shutting down and abandoning module TakeTrackRecorders (844)
[2025.10.18-08.01.06:459][649]LogModuleManager: Shutting down and abandoning module TakesCore (842)
[2025.10.18-08.01.06:459][649]LogModuleManager: Shutting down and abandoning module TemplateSequenceEditor (840)
[2025.10.18-08.01.06:459][649]LogModuleManager: Shutting down and abandoning module MatineeToLevelSequence (838)
[2025.10.18-08.01.06:459][649]LogModuleManager: Shutting down and abandoning module LevelSequenceEditor (836)
[2025.10.18-08.01.06:459][649]LogModuleManager: Shutting down and abandoning module ActorSequenceEditor (834)
[2025.10.18-08.01.06:459][649]LogModuleManager: Shutting down and abandoning module OpenXRInput (832)
[2025.10.18-08.01.06:459][649]LogModuleManager: Shutting down and abandoning module GooglePADEditor (830)
[2025.10.18-08.01.06:459][649]LogModuleManager: Shutting down and abandoning module AudioCaptureEditor (828)
[2025.10.18-08.01.06:459][649]LogModuleManager: Shutting down and abandoning module MagicLeapMediaCodecFactory (826)
[2025.10.18-08.01.06:459][649]LogModuleManager: Shutting down and abandoning module MagicLeapMediaFactory (824)
[2025.10.18-08.01.06:459][649]LogModuleManager: Shutting down and abandoning module MagicLeapMediaEditor (822)
[2025.10.18-08.01.06:459][649]LogModuleManager: Shutting down and abandoning module WmfMediaFactory (820)
[2025.10.18-08.01.06:459][649]LogModuleManager: Shutting down and abandoning module WmfMediaEditor (818)
[2025.10.18-08.01.06:459][649]LogModuleManager: Shutting down and abandoning module WebMMediaFactory (816)
[2025.10.18-08.01.06:459][649]LogModuleManager: Shutting down and abandoning module WebMMediaEditor (814)
[2025.10.18-08.01.06:459][649]LogModuleManager: Shutting down and abandoning module WebMMedia (812)
[2025.10.18-08.01.06:459][649]LogModuleManager: Shutting down and abandoning module MediaPlayerEditor (810)
[2025.10.18-08.01.06:459][649]LogModuleManager: Shutting down and abandoning module MediaCompositingEditor (808)
[2025.10.18-08.01.06:459][649]LogModuleManager: Shutting down and abandoning module SequenceRecorder (807)
[2025.10.18-08.01.06:459][649]LogModuleManager: Shutting down and abandoning module OpenExrWrapper (804)
[2025.10.18-08.01.06:459][649]LogModuleManager: Shutting down and abandoning module ImgMediaFactory (802)
[2025.10.18-08.01.06:459][649]LogModuleManager: Shutting down and abandoning module ImgMediaEditor (800)
[2025.10.18-08.01.06:459][649]LogModuleManager: Shutting down and abandoning module AvfMediaFactory (798)
[2025.10.18-08.01.06:459][649]LogModuleManager: Shutting down and abandoning module AvfMediaEditor (796)
[2025.10.18-08.01.06:459][649]LogModuleManager: Shutting down and abandoning module AndroidMediaFactory (794)
[2025.10.18-08.01.06:459][649]LogModuleManager: Shutting down and abandoning module AndroidMediaEditor (792)
[2025.10.18-08.01.06:459][649]LogModuleManager: Shutting down and abandoning module TextureAlignMode (790)
[2025.10.18-08.01.06:459][649]LogModuleManager: Shutting down and abandoning module BspMode (788)
[2025.10.18-08.01.06:459][649]LogModuleManager: Shutting down and abandoning module GeometryMode (786)
[2025.10.18-08.01.06:459][649]LogModuleManager: Shutting down and abandoning module PlanarCut (784)
[2025.10.18-08.01.06:459][649]LogModuleManager: Shutting down and abandoning module CharacterAI (782)
[2025.10.18-08.01.06:459][649]LogModuleManager: Shutting down and abandoning module CameraShakePreviewer (780)
[2025.10.18-08.01.06:459][649]LogModuleManager: Shutting down and abandoning module SmartSnapping (778)
[2025.10.18-08.01.06:459][649]LogModuleManager: Shutting down and abandoning module SessionServices (776)
[2025.10.18-08.01.06:459][649]LogModuleManager: Shutting down and abandoning module MeshPaint (774)
[2025.10.18-08.01.06:459][649]LogModuleManager: Shutting down and abandoning module VirtualTexturingEditor (772)
[2025.10.18-08.01.06:459][649]LogModuleManager: Shutting down and abandoning module FoliageEdit (770)
[2025.10.18-08.01.06:459][649]LogModuleManager: Shutting down and abandoning module LandscapeEditor (768)
[2025.10.18-08.01.06:459][649]LogModuleManager: Shutting down and abandoning module MeshPaintMode (766)
[2025.10.18-08.01.06:459][649]LogModuleManager: Shutting down and abandoning module SceneDepthPickerMode (764)
[2025.10.18-08.01.06:459][649]LogModuleManager: Shutting down and abandoning module ActorPickerMode (762)
[2025.10.18-08.01.06:459][649]LogModuleManager: Shutting down and abandoning module PlacementMode (760)
[2025.10.18-08.01.06:459][649]LogModuleManager: Shutting down and abandoning module ViewportSnapping (758)
[2025.10.18-08.01.06:459][649]LogModuleManager: Shutting down and abandoning module ViewportInteraction (756)
[2025.10.18-08.01.06:459][649]LogModuleManager: Shutting down and abandoning module ClothPainter (754)
[2025.10.18-08.01.06:459][649]LogModuleManager: Shutting down and abandoning module SkeletalMeshEditor (753)
[2025.10.18-08.01.06:459][649]LogModuleManager: Shutting down and abandoning module LogVisualizer (750)
[2025.10.18-08.01.06:459][649]LogModuleManager: Shutting down and abandoning module IntroTutorials (748)
[2025.10.18-08.01.06:459][649]LogModuleManager: Shutting down and abandoning module GameProjectGeneration (747)
[2025.10.18-08.01.06:459][649]LogModuleManager: Shutting down and abandoning module LuminPlatformEditor (744)
[2025.10.18-08.01.06:459][649]LogModuleManager: Shutting down and abandoning module IOSPlatformEditor (742)
[2025.10.18-08.01.06:459][649]LogModuleManager: Shutting down and abandoning module AndroidPlatformEditor (740)
[2025.10.18-08.01.06:459][649]LogModuleManager: Shutting down and abandoning module AndroidDeviceDetection (739)
[2025.10.18-08.01.08:274][649]LogModuleManager: Shutting down and abandoning module WindowsPlatformEditor (736)
[2025.10.18-08.01.08:274][649]LogModuleManager: Shutting down and abandoning module LuminRuntimeSettings (734)
[2025.10.18-08.01.08:274][649]LogModuleManager: Shutting down and abandoning module IOSRuntimeSettings (732)
[2025.10.18-08.01.08:274][649]LogModuleManager: Shutting down and abandoning module AndroidRuntimeSettings (730)
[2025.10.18-08.01.08:274][649]LogModuleManager: Shutting down and abandoning module TraceInsights (728)
[2025.10.18-08.01.08:274][649]MemoryProfiler: Shutdown
[2025.10.18-08.01.08:274][649]NetworkingProfiler: Shutdown
[2025.10.18-08.01.08:274][649]LoadingProfiler: Shutdown
[2025.10.18-08.01.08:274][649]TimingProfiler: Shutdown
[2025.10.18-08.01.08:274][649]LogModuleManager: Shutting down and abandoning module TraceServices (727)
[2025.10.18-08.01.08:274][649]LogModuleManager: Shutting down and abandoning module EditorInteractiveToolsFramework (724)
[2025.10.18-08.01.08:275][649]LogModuleManager: Shutting down and abandoning module TimeManagementEditor (722)
[2025.10.18-08.01.08:275][649]LogModuleManager: Shutting down and abandoning module InputBindingEditor (720)
[2025.10.18-08.01.08:275][649]LogModuleManager: Shutting down and abandoning module MergeActors (718)
[2025.10.18-08.01.08:275][649]LogModuleManager: Shutting down and abandoning module LocalizationDashboard (716)
[2025.10.18-08.01.08:275][649]LogModuleManager: Shutting down and abandoning module LocalizationService (715)
[2025.10.18-08.01.08:275][649]LogModuleManager: Shutting down and abandoning module HardwareTargeting (712)
[2025.10.18-08.01.08:275][649]LogModuleManager: Shutting down and abandoning module DeviceProfileEditor (710)
[2025.10.18-08.01.08:275][649]LogModuleManager: Shutting down and abandoning module UndoHistory (708)
[2025.10.18-08.01.08:275][649]LogModuleManager: Shutting down and abandoning module XmlParser (706)
[2025.10.18-08.01.08:275][649]LogModuleManager: Shutting down and abandoning module Blutility (704)
[2025.10.18-08.01.08:275][649]LogModuleManager: Shutting down and abandoning module ProjectSettingsViewer (702)
[2025.10.18-08.01.08:275][649]LogModuleManager: Shutting down and abandoning module ProjectTargetPlatformEditor (701)
[2025.10.18-08.01.08:276][649]LogModuleManager: Shutting down and abandoning module EditorSettingsViewer (698)
[2025.10.18-08.01.08:276][649]LogModuleManager: Shutting down and abandoning module InternationalizationSettings (697)
[2025.10.18-08.01.08:276][649]LogModuleManager: Shutting down and abandoning module SettingsEditor (694)
[2025.10.18-08.01.08:276][649]LogModuleManager: Shutting down and abandoning module ProjectLauncher (692)
[2025.10.18-08.01.08:276][649]LogModuleManager: Shutting down and abandoning module SessionFrontend (690)
[2025.10.18-08.01.08:276][649]LogModuleManager: Shutting down and abandoning module ProfilerClient (688)
[2025.10.18-08.01.08:276][649]LogModuleManager: Shutting down and abandoning module DeviceManager (686)
[2025.10.18-08.01.08:276][649]LogModuleManager: Shutting down and abandoning module TargetDeviceServices (685)
[2025.10.18-08.01.08:309][649]LogModuleManager: Shutting down and abandoning module AutomationController (682)
[2025.10.18-08.01.08:309][649]LogModuleManager: Shutting down and abandoning module AutomationWindow (680)
[2025.10.18-08.01.08:309][649]LogModuleManager: Shutting down and abandoning module Layers (678)
[2025.10.18-08.01.08:309][649]LogModuleManager: Shutting down and abandoning module ComponentVisualizers (676)
[2025.10.18-08.01.08:309][649]LogModuleManager: Shutting down and abandoning module DetailCustomizations (674)
[2025.10.18-08.01.08:310][649]LogModuleManager: Shutting down and abandoning module PackagesDialog (672)
[2025.10.18-08.01.08:310][649]LogModuleManager: Shutting down and abandoning module AnimationBlueprintEditor (670)
[2025.10.18-08.01.08:310][649]LogModuleManager: Shutting down and abandoning module Persona (668)
[2025.10.18-08.01.08:310][649]LogModuleManager: Shutting down and abandoning module AdvancedPreviewScene (667)
[2025.10.18-08.01.08:310][649]LogModuleManager: Shutting down and abandoning module AnimGraph (665)
[2025.10.18-08.01.08:310][649]LogModuleManager: Shutting down and abandoning module Kismet (662)
[2025.10.18-08.01.08:311][649]LogModuleManager: Shutting down and abandoning module KismetWidgets (661)
[2025.10.18-08.01.08:311][649]LogModuleManager: Shutting down and abandoning module GraphEditor (658)
[2025.10.18-08.01.08:311][649]LogModuleManager: Shutting down and abandoning module StructViewer (656)
[2025.10.18-08.01.08:311][649]LogModuleManager: Shutting down and abandoning module ClassViewer (654)
[2025.10.18-08.01.08:312][649]LogModuleManager: Shutting down and abandoning module Toolbox (652)
[2025.10.18-08.01.08:312][649]LogModuleManager: Shutting down and abandoning module ModuleUI (650)
[2025.10.18-08.01.08:312][649]LogModuleManager: Shutting down and abandoning module OutputLog (648)
[2025.10.18-08.01.08:313][649]LogModuleManager: Shutting down and abandoning module GammaUI (646)
[2025.10.18-08.01.08:314][649]LogModuleManager: Shutting down and abandoning module Documentation (644)
[2025.10.18-08.01.08:314][649]LogModuleManager: Shutting down and abandoning module LiveCoding (642)
[2025.10.18-08.01.08:314][649]LogModuleManager: Shutting down and abandoning module LevelSequence (640)
[2025.10.18-08.01.08:314][649]LogModuleManager: Shutting down and abandoning module MovieSceneTracks (638)
[2025.10.18-08.01.08:314][649]LogModuleManager: Shutting down and abandoning module MovieScene (636)
[2025.10.18-08.01.08:314][649]LogModuleManager: Shutting down and abandoning module StreamingPauseRendering (634)
[2025.10.18-08.01.08:314][649]LogModuleManager: Shutting down and abandoning module LauncherPlatform (632)
[2025.10.18-08.01.08:314][649]LogModuleManager: Shutting down and abandoning module AnalyticsET (630)
[2025.10.18-08.01.08:314][649]LogModuleManager: Shutting down and abandoning module PortalServices (628)
[2025.10.18-08.01.08:314][649]LogModuleManager: Shutting down and abandoning module PortalRpc (626)
[2025.10.18-08.01.08:314][649]LogModuleManager: Shutting down and abandoning module MessagingRpc (624)
[2025.10.18-08.01.08:315][649]LogModuleManager: Shutting down and abandoning module AudioMixerXAudio2 (622)
[2025.10.18-08.01.08:315][649]LogModuleManager: Shutting down and abandoning module AudioMixerCore (621)
[2025.10.18-08.01.08:315][649]LogModuleManager: Shutting down and abandoning module AIModule (618)
[2025.10.18-08.01.08:315][649]LogModuleManager: Shutting down and abandoning module GameplayDebugger (617)
[2025.10.18-08.01.08:315][649]LogModuleManager: Shutting down and abandoning module AITestSuite (615)
[2025.10.18-08.01.08:315][649]LogModuleManager: Shutting down and abandoning module NavigationSystem (613)
[2025.10.18-08.01.08:315][649]LogModuleManager: Shutting down and abandoning module ImageWriteQueue (610)
[2025.10.18-08.01.08:332][649]LogModuleManager: Shutting down and abandoning module ProfilerService (608)
[2025.10.18-08.01.08:410][649]LogModuleManager: Shutting down and abandoning module TaskGraph (606)
[2025.10.18-08.01.08:410][649]LogModuleManager: Shutting down and abandoning module AudioSynesthesiaEditor (604)
[2025.10.18-08.01.08:410][649]LogModuleManager: Shutting down and abandoning module OculusEditor (602)
[2025.10.18-08.01.08:410][649]LogModuleManager: Shutting down and abandoning module OculusInput (600)
[2025.10.18-08.01.08:410][649]LogModuleManager: Shutting down and abandoning module ContentBrowserClassDataSource (598)
[2025.10.18-08.01.08:411][649]LogModuleManager: Shutting down and abandoning module ContentBrowserFileDataSource (596)
[2025.10.18-08.01.08:411][649]LogModuleManager: Shutting down and abandoning module ContentBrowserAssetDataSource (594)
[2025.10.18-08.01.08:411][649]LogModuleManager: Shutting down and abandoning module CollectionManager (593)
[2025.10.18-08.01.08:412][649]LogModuleManager: Shutting down and abandoning module NiagaraEditorWidgets (590)
[2025.10.18-08.01.08:412][649]LogModuleManager: Shutting down and abandoning module SynthesisEditor (588)
[2025.10.18-08.01.08:412][649]LogModuleManager: Shutting down and abandoning module Synthesis (586)
[2025.10.18-08.01.08:412][649]LogModuleManager: Shutting down and abandoning module TakeSequencer (584)
[2025.10.18-08.01.08:412][649]LogModuleManager: Shutting down and abandoning module TakeMovieScene (582)
[2025.10.18-08.01.08:412][649]LogModuleManager: Shutting down and abandoning module TemplateSequence (580)
[2025.10.18-08.01.08:412][649]LogModuleManager: Shutting down and abandoning module ProceduralMeshComponentEditor (578)
[2025.10.18-08.01.08:413][649]LogModuleManager: Shutting down and abandoning module ProceduralMeshComponent (576)
[2025.10.18-08.01.08:413][649]LogModuleManager: Shutting down and abandoning module ScreenshotTools (574)
[2025.10.18-08.01.08:413][649]LogModuleManager: Shutting down and abandoning module OpenXREditor (572)
[2025.10.18-08.01.08:413][649]LogModuleManager: Shutting down and abandoning module MobilePatchingUtils (570)
[2025.10.18-08.01.08:413][649]LogModuleManager: Shutting down and abandoning module GooglePAD (568)
[2025.10.18-08.01.08:413][649]LogModuleManager: Shutting down and abandoning module EditableMesh (566)
[2025.10.18-08.01.08:413][649]LogModuleManager: Shutting down and abandoning module CustomMeshComponent (564)
[2025.10.18-08.01.08:413][649]LogModuleManager: Shutting down and abandoning module CableComponent (562)
[2025.10.18-08.01.08:413][649]LogModuleManager: Shutting down and abandoning module AudioCapture (560)
[2025.10.18-08.01.08:413][649]LogModuleManager: Shutting down and abandoning module AudioCaptureRtAudio (559)
[2025.10.18-08.01.08:413][649]LogModuleManager: Shutting down and abandoning module AssetTags (556)
[2025.10.18-08.01.08:413][649]LogModuleManager: Shutting down and abandoning module ArchVisCharacter (554)
[2025.10.18-08.01.08:413][649]LogModuleManager: Shutting down and abandoning module AppleImageUtilsBlueprintSupport (552)
[2025.10.18-08.01.08:413][649]LogModuleManager: Shutting down and abandoning module AppleImageUtils (550)
[2025.10.18-08.01.08:413][649]LogModuleManager: Shutting down and abandoning module AndroidPermission (548)
[2025.10.18-08.01.08:413][649]LogModuleManager: Shutting down and abandoning module ActorLayerUtilitiesEditor (546)
[2025.10.18-08.01.08:413][649]LogModuleManager: Shutting down and abandoning module ActorLayerUtilities (544)
[2025.10.18-08.01.08:413][649]LogModuleManager: Shutting down and abandoning module MagicLeapSharedWorld (542)
[2025.10.18-08.01.08:413][649]LogModuleManager: Shutting down and abandoning module MagicLeapLightEstimation (540)
[2025.10.18-08.01.08:413][649]LogModuleManager: Shutting down and abandoning module MagicLeapHelperVulkan (538)
[2025.10.18-08.01.08:414][649]LogModuleManager: Shutting down and abandoning module MagicLeapHelperOpenGL (536)
[2025.10.18-08.01.08:414][649]LogModuleManager: Shutting down and abandoning module MagicLeapAudio (534)
[2025.10.18-08.01.08:414][649]LogModuleManager: Shutting down and abandoning module MediaCompositing (532)
[2025.10.18-08.01.08:414][649]LogModuleManager: Shutting down and abandoning module ImgMedia (530)
[2025.10.18-08.01.08:414][649]LogModuleManager: Shutting down and abandoning module SpeedTreeImporter (528)
[2025.10.18-08.01.08:414][649]LogModuleManager: Shutting down and abandoning module PluginBrowser (526)
[2025.10.18-08.01.08:414][649]LogModuleManager: Shutting down and abandoning module MobileLauncherProfileWizard (524)
[2025.10.18-08.01.08:414][649]LogModuleManager: Shutting down and abandoning module MaterialAnalyzer (522)
[2025.10.18-08.01.08:414][649]LogModuleManager: Shutting down and abandoning module CurveEditorTools (520)
[2025.10.18-08.01.08:414][649]LogModuleManager: Shutting down and abandoning module CryptoKeysOpenSSL (518)
[2025.10.18-08.01.08:414][649]LogModuleManager: Shutting down and abandoning module CryptoKeys (516)
[2025.10.18-08.01.08:414][649]LogModuleManager: Shutting down and abandoning module OpenImageDenoise (514)
[2025.10.18-08.01.08:414][649]LogOpenImageDenoise: OIDN shutting down
[2025.10.18-08.01.08:414][649]LogModuleManager: Shutting down and abandoning module MotoSynthEditor (512)
[2025.10.18-08.01.08:414][649]LogModuleManager: Shutting down and abandoning module MotoSynth (510)
[2025.10.18-08.01.08:414][649]LogModuleManager: Shutting down and abandoning module MeshConversion (508)
[2025.10.18-08.01.08:414][649]LogModuleManager: Shutting down and abandoning module DynamicMesh (506)
[2025.10.18-08.01.08:414][649]LogModuleManager: Shutting down and abandoning module GeometryAlgorithms (504)
[2025.10.18-08.01.08:414][649]LogModuleManager: Shutting down and abandoning module GeometricObjects (502)
[2025.10.18-08.01.08:414][649]LogModuleManager: Shutting down and abandoning module GeometryCollectionTracks (500)
[2025.10.18-08.01.08:414][649]LogModuleManager: Shutting down and abandoning module GeometryCollectionSequencer (499)
[2025.10.18-08.01.08:414][649]LogModuleManager: Shutting down and abandoning module GeometryCollectionEditor (496)
[2025.10.18-08.01.08:414][649]LogModuleManager: Shutting down and abandoning module GeometryCacheTracks (494)
[2025.10.18-08.01.08:415][649]LogModuleManager: Shutting down and abandoning module GeometryCacheStreamer (492)
[2025.10.18-08.01.08:415][649]LogModuleManager: Shutting down and abandoning module GeometryCacheSequencer (490)
[2025.10.18-08.01.08:415][649]LogModuleManager: Shutting down and abandoning module ChaosNiagara (488)
[2025.10.18-08.01.08:415][649]LogModuleManager: Shutting down and abandoning module ChaosSolverEditor (486)
[2025.10.18-08.01.08:415][649]LogModuleManager: Shutting down and abandoning module FractureEditor (484)
[2025.10.18-08.01.08:415][649]LogModuleManager: Shutting down and abandoning module FieldSystemEngine (483)
[2025.10.18-08.01.08:415][649]LogModuleManager: Shutting down and abandoning module ChaosClothEditor (480)
[2025.10.18-08.01.08:415][649]LogModuleManager: Shutting down and abandoning module AutomationUtilsEditor (478)
[2025.10.18-08.01.08:415][649]LogModuleManager: Shutting down and abandoning module AutomationUtils (476)
[2025.10.18-08.01.08:415][649]LogModuleManager: Shutting down and abandoning module BackChannel (474)
[2025.10.18-08.01.08:415][649]LogModuleManager: Shutting down and abandoning module AlembicImporter (472)
[2025.10.18-08.01.08:415][649]LogModuleManager: Shutting down and abandoning module AlembicLibrary (471)
[2025.10.18-08.01.08:415][649]LogModuleManager: Shutting down and abandoning module GeometryCache (470)
[2025.10.18-08.01.08:415][649]LogModuleManager: Shutting down and abandoning module GeometryCacheEd (469)
[2025.10.18-08.01.08:415][649]LogModuleManager: Shutting down and abandoning module VariantManagerContentEditor (464)
[2025.10.18-08.01.08:415][649]LogModuleManager: Shutting down and abandoning module DatasmithContentEditor (462)
[2025.10.18-08.01.08:415][649]LogModuleManager: Shutting down and abandoning module VisualStudioSourceCodeAccess (460)
[2025.10.18-08.01.08:415][649]LogModuleManager: Shutting down and abandoning module VisualStudioCodeSourceCodeAccess (458)
[2025.10.18-08.01.08:415][649]LogModuleManager: Shutting down and abandoning module UObjectPlugin (456)
[2025.10.18-08.01.08:415][649]LogModuleManager: Shutting down and abandoning module SubversionSourceControl (454)
[2025.10.18-08.01.08:415][649]LogModuleManager: Shutting down and abandoning module RiderSourceCodeAccess (452)
[2025.10.18-08.01.08:415][649]LogModuleManager: Shutting down and abandoning module PluginUtils (450)
[2025.10.18-08.01.08:415][649]LogModuleManager: Shutting down and abandoning module PlasticSourceControl (448)
[2025.10.18-08.01.08:415][649]LogModuleManager: Shutting down and abandoning module PerforceSourceControl (446)
[2025.10.18-08.01.08:415][649]LogModuleManager: Shutting down and abandoning module GitSourceControl (444)
[2025.10.18-08.01.08:416][649]LogModuleManager: Shutting down and abandoning module SourceControl (443)
[2025.10.18-08.01.08:416][649]LogModuleManager: Shutting down and abandoning module CLionSourceCodeAccess (440)
[2025.10.18-08.01.08:416][649]LogModuleManager: Shutting down and abandoning module AnimationSharingEd (438)
[2025.10.18-08.01.08:416][649]LogModuleManager: Shutting down and abandoning module OodleNetworkHandlerComponent (436)
[2025.10.18-08.01.08:416][649]LogModuleManager: Shutting down and abandoning module LightPropagationVolumeEditor (434)
[2025.10.18-08.01.08:416][649]LogModuleManager: Shutting down and abandoning module LiveLinkSequencer (432)
[2025.10.18-08.01.08:416][649]LogModuleManager: Shutting down and abandoning module LiveLinkMovieScene (430)
[2025.10.18-08.01.08:416][649]LogModuleManager: Shutting down and abandoning module LiveLinkGraphNode (428)
[2025.10.18-08.01.08:416][649]LogModuleManager: Shutting down and abandoning module LiveLinkEditor (426)
[2025.10.18-08.01.08:416][649]LogModuleManager: Shutting down and abandoning module LiveLinkComponents (424)
[2025.10.18-08.01.08:416][649]LogModuleManager: Shutting down and abandoning module LiveLink (422)
[2025.10.18-08.01.09:229][649]LogModuleManager: Shutting down and abandoning module PaperTiledImporter (420)
[2025.10.18-08.01.09:230][649]LogModuleManager: Shutting down and abandoning module PaperSpriteSheetImporter (418)
[2025.10.18-08.01.09:230][649]LogModuleManager: Shutting down and abandoning module Paper2DEditor (416)
[2025.10.18-08.01.09:230][649]LogModuleManager: Shutting down and abandoning module MeshPaintingToolset (414)
[2025.10.18-08.01.09:230][649]LogModuleManager: Shutting down and abandoning module MeshPaintEditorMode (412)
[2025.10.18-08.01.09:230][649]LogModuleManager: Shutting down and abandoning module NiagaraAnimNotifies (410)
[2025.10.18-08.01.09:230][649]LogModuleManager: Shutting down and abandoning module Niagara (408)
[2025.10.18-08.01.09:230][649]LogModuleManager: Shutting down and abandoning module SignalProcessing (407)
[2025.10.18-08.01.09:230][649]LogModuleManager: Shutting down and abandoning module NiagaraEditor (405)
[2025.10.18-08.01.09:230][649]LogModuleManager: Shutting down and abandoning module NiagaraCore (402)
[2025.10.18-08.01.09:230][649]LogModuleManager: Shutting down and abandoning module SoundFields (400)
[2025.10.18-08.01.09:230][649]LogModuleManager: Shutting down and abandoning module SignificanceManager (398)
[2025.10.18-08.01.09:230][649]LogModuleManager: Shutting down and abandoning module RuntimePhysXCooking (396)
[2025.10.18-08.01.09:230][649]LogModuleManager: Shutting down and abandoning module PropertyAccessEditor (394)
[2025.10.18-08.01.09:230][649]LogModuleManager: Shutting down and abandoning module ActorSequence (392)
[2025.10.18-08.01.09:230][649]LogModuleManager: Shutting down and abandoning module PhysXVehiclesEditor (390)
[2025.10.18-08.01.09:230][649]LogModuleManager: Shutting down and abandoning module LocationServicesBPLibrary (386)
[2025.10.18-08.01.09:230][649]LogModuleManager: Shutting down and abandoning module AudioSynesthesia (384)
[2025.10.18-08.01.09:230][649]LogModuleManager: Shutting down and abandoning module AudioSynesthesiaCore (382)
[2025.10.18-08.01.09:230][649]LogModuleManager: Shutting down and abandoning module MagicLeapARPin (380)
[2025.10.18-08.01.09:230][649]LogModuleManager: Shutting down and abandoning module MagicLeapHandMeshing (378)
[2025.10.18-08.01.09:230][649]LogModuleManager: Shutting down and abandoning module MagicLeapSecureStorage (376)
[2025.10.18-08.01.09:230][649]LogModuleManager: Shutting down and abandoning module MagicLeapPrivileges (374)
[2025.10.18-08.01.09:230][649]LogModuleManager: Shutting down and abandoning module MagicLeapPlanes (372)
[2025.10.18-08.01.09:230][649]LogMagicLeapPlanes: Planes tracker already destroyed.
[2025.10.18-08.01.09:230][649]LogModuleManager: Shutting down and abandoning module MagicLeapImageTracker (370)
[2025.10.18-08.01.09:230][649]LogModuleManager: Shutting down and abandoning module MagicLeapIdentity (368)
[2025.10.18-08.01.09:230][649]LogModuleManager: Shutting down and abandoning module MagicLeapHandTracking (366)
[2025.10.18-08.01.09:230][649]LogModuleManager: Shutting down and abandoning module MagicLeapEyeTracker (364)
[2025.10.18-08.01.09:230][649]LogModuleManager: Shutting down and abandoning module MagicLeapController (362)
[2025.10.18-08.01.09:230][649]LogModuleManager: Shutting down and abandoning module MagicLeapARPinImpl (360)
[2025.10.18-08.01.09:230][649]LogModuleManager: Shutting down and abandoning module MagicLeapAR (358)
[2025.10.18-08.01.09:230][649]LogModuleManager: Shutting down and abandoning module UdpMessaging (356)
[2025.10.18-08.01.09:331][649]LogModuleManager: Shutting down and abandoning module TcpMessaging (354)
[2025.10.18-08.01.09:432][649]LogModuleManager: Shutting down and abandoning module ImgMediaEngine (352)
[2025.10.18-08.01.09:432][649]LogModuleManager: Shutting down and abandoning module GameplayTagsEditor (350)
[2025.10.18-08.01.09:432][649]LogModuleManager: Shutting down and abandoning module FacialAnimationEditor (348)
[2025.10.18-08.01.09:432][649]LogModuleManager: Shutting down and abandoning module FacialAnimation (346)
[2025.10.18-08.01.09:432][649]LogModuleManager: Shutting down and abandoning module DataValidation (344)
[2025.10.18-08.01.09:432][649]LogModuleManager: Shutting down and abandoning module AssetManagerEditor (342)
[2025.10.18-08.01.09:432][649]LogModuleManager: Shutting down and abandoning module LevelEditor (341)
[2025.10.18-08.01.09:433][649]LogModuleManager: Shutting down and abandoning module PixelInspectorModule (340)
[2025.10.18-08.01.09:433][649]LogModuleManager: Shutting down and abandoning module CommonMenuExtensions (338)
[2025.10.18-08.01.09:433][649]LogModuleManager: Shutting down and abandoning module MainFrame (336)
[2025.10.18-08.01.09:433][649]LogModuleManager: Shutting down and abandoning module HotReload (335)
[2025.10.18-08.01.09:433][649]LogModuleManager: Shutting down and abandoning module ToolMenus (331)
[2025.10.18-08.01.09:433][649]LogModuleManager: Shutting down and abandoning module ContentBrowser (329)
[2025.10.18-08.01.09:433][649]LogModuleManager: Shutting down and abandoning module ContentBrowserData (328)
[2025.10.18-08.01.09:433][649]LogModuleManager: Shutting down and abandoning module TreeMap (325)
[2025.10.18-08.01.09:433][649]LogModuleManager: Shutting down and abandoning module PythonScriptPlugin (322)
[2025.10.18-08.01.09:433][649]LogModuleManager: Shutting down and abandoning module PropertyAccessNode (320)
[2025.10.18-08.01.09:433][649]LogModuleManager: Shutting down and abandoning module AnimationSharing (318)
[2025.10.18-08.01.09:433][649]LogModuleManager: Shutting down and abandoning module GameplayCameras (316)
[2025.10.18-08.01.09:433][649]LogModuleManager: Shutting down and abandoning module EnvironmentQueryEditor (314)
[2025.10.18-08.01.09:433][649]LogModuleManager: Shutting down and abandoning module LightPropagationVolumeRuntime (312)
[2025.10.18-08.01.09:433][649]LogModuleManager: Shutting down and abandoning module Paper2D (310)
[2025.10.18-08.01.09:433][649]LogModuleManager: Shutting down and abandoning module WindowsMoviePlayer (308)
[2025.10.18-08.01.09:434][649]LogModuleManager: Shutting down and abandoning module WebMMoviePlayer (306)
[2025.10.18-08.01.09:434][649]LogModuleManager: Shutting down and abandoning module NetworkReplayStreaming (304)
[2025.10.18-08.01.09:434][649]LogModuleManager: Shutting down and abandoning module PacketHandler (302)
[2025.10.18-08.01.09:434][649]LogModuleManager: Shutting down and abandoning module ClothingSystemEditor (300)
[2025.10.18-08.01.09:434][649]LogModuleManager: Shutting down and abandoning module ClothingSystemRuntimeNv (298)
[2025.10.18-08.01.09:434][649]LogModuleManager: Shutting down and abandoning module MediaAssets (296)
[2025.10.18-08.01.09:434][649]LogModuleManager: Shutting down and abandoning module Overlay (294)
[2025.10.18-08.01.09:434][649]LogModuleManager: Shutting down and abandoning module OverlayEditor (293)
[2025.10.18-08.01.09:434][649]LogModuleManager: Shutting down and abandoning module VREditor (290)
[2025.10.18-08.01.09:434][649]LogModuleManager: Shutting down and abandoning module StringTableEditor (288)
[2025.10.18-08.01.09:434][649]LogModuleManager: Shutting down and abandoning module GameplayTasksEditor (286)
[2025.10.18-08.01.09:434][649]LogModuleManager: Shutting down and abandoning module BehaviorTreeEditor (284)
[2025.10.18-08.01.09:434][649]LogModuleManager: Shutting down and abandoning module FunctionalTesting (282)
[2025.10.18-08.01.09:434][649]LogModuleManager: Shutting down and abandoning module CollisionAnalyzer (280)
[2025.10.18-08.01.09:434][649]LogModuleManager: Shutting down and abandoning module WorkspaceMenuStructure (279)
[2025.10.18-08.01.09:434][649]LogModuleManager: Shutting down and abandoning module UMG (276)
[2025.10.18-08.01.09:434][649]LogModuleManager: Shutting down and abandoning module UMGEditor (275)
[2025.10.18-08.01.09:434][649]LogModuleManager: Shutting down and abandoning module MessageLog (273)
[2025.10.18-08.01.09:434][649]LogModuleManager: Shutting down and abandoning module SlateReflector (268)
[2025.10.18-08.01.09:434][649]LogModuleManager: Shutting down and abandoning module Slate (266)
[2025.10.18-08.01.09:434][649]LogModuleManager: Shutting down and abandoning module SlateCore (264)
[2025.10.18-08.01.09:435][649]LogModuleManager: Shutting down and abandoning module LandscapeEditorUtilities (262)
[2025.10.18-08.01.09:435][649]LogModuleManager: Shutting down and abandoning module UnrealEd (260)
[2025.10.18-08.01.09:435][649]LogModuleManager: Shutting down and abandoning module MRMesh (258)
[2025.10.18-08.01.09:435][649]LogModuleManager: Shutting down and abandoning module SourceCodeAccess (256)
[2025.10.18-08.01.09:435][649]LogModuleManager: Shutting down and abandoning module HeadMountedDisplay (254)
[2025.10.18-08.01.09:435][649]LogModuleManager: Shutting down and abandoning module XAudio2 (252)
[2025.10.18-08.01.09:435][649]LogModuleManager: Shutting down and abandoning module Networking (250)
[2025.10.18-08.01.09:435][649]LogModuleManager: Shutting down and abandoning module Core (248)
[2025.10.18-08.01.09:435][649]LogModuleManager: Shutting down and abandoning module MaterialEditor (246)
[2025.10.18-08.01.09:435][649]LogModuleManager: Shutting down and abandoning module MovieSceneTools (244)
[2025.10.18-08.01.09:435][649]LogModuleManager: Shutting down and abandoning module CurveEditor (243)
[2025.10.18-08.01.09:435][649]LogModuleManager: Shutting down and abandoning module Sequencer (241)
[2025.10.18-08.01.09:435][649]LogModuleManager: Shutting down and abandoning module EditorStyle (240)
[2025.10.18-08.01.09:435][649]LogModuleManager: Shutting down and abandoning module KismetCompiler (236)
[2025.10.18-08.01.09:435][649]LogModuleManager: Shutting down and abandoning module MeshBuilder (234)
[2025.10.18-08.01.09:435][649]LogModuleManager: Shutting down and abandoning module MeshUtilities (232)
[2025.10.18-08.01.09:435][649]LogModuleManager: Shutting down and abandoning module MeshMergeUtilities (231)
[2025.10.18-08.01.09:435][649]LogModuleManager: Shutting down and abandoning module MeshReductionInterface (230)
[2025.10.18-08.01.09:435][649]LogModuleManager: Shutting down and abandoning module MeshBoneReduction (229)
[2025.10.18-08.01.09:435][649]LogModuleManager: Shutting down and abandoning module SkeletalMeshReduction (227)
[2025.10.18-08.01.09:435][649]LogModuleManager: Shutting down and abandoning module ProxyLODMeshReduction (225)
[2025.10.18-08.01.09:435][649]LogModuleManager: Shutting down and abandoning module QuadricMeshReduction (223)
[2025.10.18-08.01.09:435][649]LogModuleManager: Shutting down and abandoning module MaterialBaking (219)
[2025.10.18-08.01.09:435][649]LogModuleManager: Shutting down and abandoning module NullInstallBundleManager (214)
[2025.10.18-08.01.09:435][649]LogModuleManager: Shutting down and abandoning module DerivedDataCache (212)
[2025.10.18-08.01.09:435][649]LogModuleManager: Shutting down and abandoning module TargetPlatform (210)
[2025.10.18-08.01.09:436][649]LogModuleManager: Shutting down and abandoning module VulkanShaderFormat (209)
[2025.10.18-08.01.09:436][649]LogModuleManager: Shutting down and abandoning module ShaderFormatVectorVM (207)
[2025.10.18-08.01.09:436][649]LogModuleManager: Shutting down and abandoning module ShaderFormatOpenGL (205)
[2025.10.18-08.01.09:436][649]LogModuleManager: Shutting down and abandoning module ShaderFormatD3D (203)
[2025.10.18-08.01.09:436][649]LogModuleManager: Shutting down and abandoning module MetalShaderFormat (201)
[2025.10.18-08.01.09:436][649]LogModuleManager: Shutting down and abandoning module TextureFormatOodle (199)
[2025.10.18-08.01.09:436][649]LogModuleManager: Shutting down and abandoning module TextureFormatUncompressed (197)
[2025.10.18-08.01.09:436][649]LogModuleManager: Shutting down and abandoning module TextureFormatPVR (195)
[2025.10.18-08.01.09:436][649]LogModuleManager: Shutting down and abandoning module TextureFormatETC2 (193)
[2025.10.18-08.01.09:436][649]LogModuleManager: Shutting down and abandoning module TextureFormatDXT (191)
[2025.10.18-08.01.09:436][649]LogModuleManager: Shutting down and abandoning module TextureFormatIntelISPCTexComp (189)
[2025.10.18-08.01.09:436][649]LogModuleManager: Shutting down and abandoning module TextureFormatASTC (187)
[2025.10.18-08.01.09:436][649]LogModuleManager: Shutting down and abandoning module ImageWrapper (186)
[2025.10.18-08.01.09:436][649]LogModuleManager: Shutting down and abandoning module AudioFormatOpus (183)
[2025.10.18-08.01.09:436][649]LogModuleManager: Shutting down and abandoning module AudioFormatOgg (181)
[2025.10.18-08.01.09:436][649]LogModuleManager: Shutting down and abandoning module AudioFormatADPCM (179)
[2025.10.18-08.01.09:436][649]LogModuleManager: Shutting down and abandoning module WindowsServerTargetPlatform (177)
[2025.10.18-08.01.09:436][649]LogModuleManager: Shutting down and abandoning module WindowsClientTargetPlatform (175)
[2025.10.18-08.01.09:436][649]LogModuleManager: Shutting down and abandoning module WindowsTargetPlatform (173)
[2025.10.18-08.01.09:436][649]LogModuleManager: Shutting down and abandoning module WindowsNoEditorTargetPlatform (171)
[2025.10.18-08.01.09:436][649]LogModuleManager: Shutting down and abandoning module TVOSTargetPlatform (169)
[2025.10.18-08.01.09:436][649]LogModuleManager: Shutting down and abandoning module MacServerTargetPlatform (167)
[2025.10.18-08.01.09:436][649]LogModuleManager: Shutting down and abandoning module MacClientTargetPlatform (165)
[2025.10.18-08.01.09:436][649]LogModuleManager: Shutting down and abandoning module MacTargetPlatform (163)
[2025.10.18-08.01.09:436][649]LogModuleManager: Shutting down and abandoning module MacNoEditorTargetPlatform (161)
[2025.10.18-08.01.09:436][649]LogModuleManager: Shutting down and abandoning module LuminTargetPlatform (159)
[2025.10.18-08.01.09:437][649]LogModuleManager: Shutting down and abandoning module LinuxAArch64ServerTargetPlatform (157)
[2025.10.18-08.01.09:437][649]LogModuleManager: Shutting down and abandoning module LinuxAArch64ClientTargetPlatform (155)
[2025.10.18-08.01.09:437][649]LogModuleManager: Shutting down and abandoning module LinuxAArch64NoEditorTargetPlatform (153)
[2025.10.18-08.01.09:437][649]LogModuleManager: Shutting down and abandoning module LinuxServerTargetPlatform (151)
[2025.10.18-08.01.09:437][649]LogModuleManager: Shutting down and abandoning module LinuxClientTargetPlatform (149)
[2025.10.18-08.01.09:437][649]LogModuleManager: Shutting down and abandoning module LinuxNoEditorTargetPlatform (147)
[2025.10.18-08.01.09:437][649]LogModuleManager: Shutting down and abandoning module LinuxTargetPlatform (145)
[2025.10.18-08.01.09:437][649]LogModuleManager: Shutting down and abandoning module Messaging (143)
[2025.10.18-08.01.09:437][649]LogModuleManager: Shutting down and abandoning module IOSTargetPlatform (141)
[2025.10.18-08.01.09:437][649]LogModuleManager: Shutting down and abandoning module AndroidTargetPlatform (139)
[2025.10.18-08.01.09:439][649]LogModuleManager: Shutting down and abandoning module AllDesktopTargetPlatform (137)
[2025.10.18-08.01.09:439][649]LogModuleManager: Shutting down and abandoning module D3D11RHI (134)
[2025.10.18-08.01.09:439][649]LogModuleManager: Shutting down and abandoning module InputCore (132)
[2025.10.18-08.01.09:439][649]LogModuleManager: Shutting down and abandoning module Settings (130)
[2025.10.18-08.01.09:439][649]LogModuleManager: Shutting down and abandoning module DirectoryWatcher (128)
[2025.10.18-08.01.09:440][649]LogModuleManager: Shutting down and abandoning module PhysXCooking (126)
[2025.10.18-08.01.09:440][649]LogModuleManager: Shutting down and abandoning module Chaos (124)
[2025.10.18-08.01.09:440][649]LogModuleManager: Shutting down and abandoning module WindowsPlatformFeatures (122)
[2025.10.18-08.01.09:440][649]LogModuleManager: Shutting down and abandoning module GameplayMediaEncoder (121)
[2025.10.18-08.01.09:440][649]LogModuleManager: Shutting down and abandoning module AVEncoder (120)
[2025.10.18-08.01.09:440][649]LogModuleManager: Shutting down and abandoning module SteamVRInputDevice (116)
[2025.10.18-08.01.09:440][649]LogModuleManager: Shutting down and abandoning module SteamVRInput (114)
[2025.10.18-08.01.09:440][649]LogModuleManager: Shutting down and abandoning module SteamVR (112)
[2025.10.18-08.01.09:440][649]LogHMD: Freeing OpenVRDLLHandle.
[2025.10.18-08.01.09:440][649]LogModuleManager: Shutting down and abandoning module OculusHMD (110)
[2025.10.18-08.01.09:440][649]LogModuleManager: Shutting down and abandoning module NiagaraVertexFactories (108)
[2025.10.18-08.01.09:440][649]LogModuleManager: Shutting down and abandoning module NiagaraShader (106)
[2025.10.18-08.01.09:440][649]LogModuleManager: Shutting down and abandoning module OpenXRHandTracking (104)
[2025.10.18-08.01.09:440][649]LogSlate: Slate User Destroyed.  User Index 0, Is Virtual User: 0
[2025.10.18-08.01.09:440][649]LogModuleManager: Shutting down and abandoning module OpenXREyeTracker (102)
[2025.10.18-08.01.09:440][649]LogModuleManager: Shutting down and abandoning module OpenXRAR (100)
[2025.10.18-08.01.09:440][649]LogModuleManager: Shutting down and abandoning module AugmentedReality (99)
[2025.10.18-08.01.09:440][649]LogModuleManager: Shutting down and abandoning module OpenXRHMD (96)
[2025.10.18-08.01.09:440][649]LogModuleManager: Shutting down and abandoning module ExampleDeviceProfileSelector (94)
[2025.10.18-08.01.09:440][649]LogModuleManager: Shutting down and abandoning module ChunkDownloader (92)
[2025.10.18-08.01.09:440][649]LogModuleManager: Shutting down and abandoning module MLSDK (90)
[2025.10.18-08.01.09:440][649]LogModuleManager: Shutting down and abandoning module LauncherChunkInstaller (88)
[2025.10.18-08.01.09:440][649]LogModuleManager: Shutting down and abandoning module MagicLeap (86)
[2025.10.18-08.01.09:440][649]LogModuleManager: Shutting down and abandoning module OnlineBlueprintSupport (84)
[2025.10.18-08.01.09:440][649]LogModuleManager: Shutting down and abandoning module OnlineSubsystem (80)
[2025.10.18-08.01.09:441][649]LogModuleManager: Shutting down and abandoning module XMPP (75)
[2025.10.18-08.01.09:441][649]LogModuleManager: Shutting down and abandoning module WebSockets (74)
[2025.10.18-08.01.09:465][649]LogModuleManager: Shutting down and abandoning module HTTP (71)
[2025.10.18-08.01.09:465][649]LogHttp: Display: Http module shutting down, but needs to wait on 1 outstanding Http requests:
[2025.10.18-08.01.09:465][649]LogHttp: Display: 	verb=[POST] url=[https://datarouter.ol.epicgames.com/datarouter/api/v1/public/data?SessionID=%7B1E2B601E-4DFD-33F0-14EC-008201662D89%7D&AppID=UEEditor.Rocket.Release&AppVersion=4.27.2-18319896%2B%2B%2BUE4%2BRelease-4.27&UserID=9062d9c348a2df0eec8600a9d11b7c53%7Cf4dca9ad26044d4bb8e854493f27655c%7C7ca3d56d-2868-46b0-8665-851c9564e295&AppEnvironment=datacollector-binary&UploadType=eteventstream] refs=[1] status=Processing
[2025.10.18-08.01.09:465][649]LogHttp: Display: cleaning up 1 outstanding Http requests.
[2025.10.18-08.01.09:492][649]LogModuleManager: Shutting down and abandoning module SSL (70)
[2025.10.18-08.01.09:494][649]LogModuleManager: Shutting down and abandoning module WmfMedia (66)
[2025.10.18-08.01.09:499][649]LogModuleManager: Shutting down and abandoning module Media (65)
[2025.10.18-08.01.09:501][649]LogModuleManager: Shutting down and abandoning module MediaInfo (64)
[2025.10.18-08.01.09:501][649]LogModuleManager: Shutting down and abandoning module ExrReaderGpu (60)
[2025.10.18-08.01.09:501][649]LogModuleManager: Shutting down and abandoning module ChaosCloth (58)
[2025.10.18-08.01.09:501][649]LogModuleManager: Shutting down and abandoning module VariantManagerContent (56)
[2025.10.18-08.01.09:501][649]LogModuleManager: Shutting down and abandoning module DatasmithContent (54)
[2025.10.18-08.01.09:502][649]LogModuleManager: Shutting down and abandoning module PixWinPlugin (52)
[2025.10.18-08.01.09:502][649]LogModuleManager: Shutting down and abandoning module AISupportModule (50)
[2025.10.18-08.01.09:502][649]LogModuleManager: Shutting down and abandoning module DesktopPlatform (48)
[2025.10.18-08.01.09:502][649]LogModuleManager: Shutting down and abandoning module PythonScriptPluginPreload (46)
[2025.10.18-08.01.09:503][649]LogModuleManager: Shutting down and abandoning module PlatformCryptoOpenSSL (44)
[2025.10.18-08.01.09:503][649]LogModuleManager: Shutting down and abandoning module PlatformCryptoTypes (42)
[2025.10.18-08.01.09:503][649]LogModuleManager: Shutting down and abandoning module PlatformCrypto (40)
[2025.10.18-08.01.09:503][649]LogModuleManager: Shutting down and abandoning module OodleDataCompressionFormat (38)
[2025.10.18-08.01.09:503][649]LogModuleManager: Shutting down and abandoning module XGEController (36)
[2025.10.18-08.01.09:503][649]LogModuleManager: Shutting down and abandoning module AnimationModifiers (34)
[2025.10.18-08.01.09:503][649]LogModuleManager: Shutting down and abandoning module AudioEditor (32)
[2025.10.18-08.01.09:503][649]LogModuleManager: Shutting down and abandoning module PropertyEditor (31)
[2025.10.18-08.01.09:503][649]LogModuleManager: Shutting down and abandoning module TextureCompressor (28)
[2025.10.18-08.01.09:503][649]LogModuleManager: Shutting down and abandoning module RenderCore (26)
[2025.10.18-08.01.09:503][649]LogModuleManager: Shutting down and abandoning module Landscape (24)
[2025.10.18-08.01.09:503][649]LogModuleManager: Shutting down and abandoning module SlateRHIRenderer (22)
[2025.10.18-08.01.09:504][649]LogModuleManager: Shutting down and abandoning module AnimGraphRuntime (20)
[2025.10.18-08.01.09:504][649]LogModuleManager: Shutting down and abandoning module Renderer (18)
[2025.10.18-08.01.09:504][649]LogModuleManager: Shutting down and abandoning module Engine (16)
[2025.10.18-08.01.09:504][649]LogModuleManager: Shutting down and abandoning module CoreUObject (14)
[2025.10.18-08.01.09:504][649]LogModuleManager: Shutting down and abandoning module NetworkFile (12)
[2025.10.18-08.01.09:504][649]LogModuleManager: Shutting down and abandoning module CookedIterativeFile (10)
[2025.10.18-08.01.09:504][649]LogModuleManager: Shutting down and abandoning module StreamingFile (8)
[2025.10.18-08.01.09:504][649]LogModuleManager: Shutting down and abandoning module SandboxFile (6)
[2025.10.18-08.01.09:504][649]LogModuleManager: Shutting down and abandoning module PakFile (4)
[2025.10.18-08.01.09:504][649]LogModuleManager: Shutting down and abandoning module RSA (3)
[2025.10.18-08.01.09:504][649]LogContentStreaming: Display: There are 1 unreleased StreamingManagers
[2025.10.18-08.01.09:537][649]LogD3D11RHI: Shutdown
[2025.10.18-08.01.09:537][649]LogD3D11RHI: CleanupD3DDevice
[2025.10.18-08.01.09:540][649]LogExit: Exiting.
[2025.10.18-08.01.09:550][649]Log file closed, 10/18/25 16:01:09
